2026-09-22 13:12:13.684: [INFO] CurrentProfilePath: C:\Users\Owner\source\repos\OakMusic\bin\Debug\net9.0-windows\OakMusic.exe.WebView2\EBWebView\Default
2026-09-22 13:12:13.684: [INFO] Profiles total count: 1
2026-09-22 13:12:13.684: [INFO] Profile: name=Profile 1 path=C:\Users\Owner\source\repos\OakMusic\bin\Debug\net9.0-windows\OakMusic.exe.WebView2\EBWebView\Default lastActive=null
2026-09-22 13:12:13.684: [INFO] LastUsedProfileDir: C:\Users\Owner\source\repos\OakMusic\bin\Debug\net9.0-windows\OakMusic.exe.WebView2\EBWebView\Default
2026-09-22 13:12:13.684: [INFO] OnDoneLoading sync enabled: 0
2026-09-22 13:12:13.684: [INFO] BookmarkModelLoaded, ids_reassigned: 0
2026-09-22 13:12:13.684: [INFO] BookmarksLoadDropped droppedNodes=0
2026-09-22 13:12:13.684: [INFO] BookmarksSnapshot Startup total=0 bar=0 other=0 mobile=0 showBar=0 showBarNTP=1
2026-09-22 13:13:23.697: [INFO] BookmarksSnapshot Shutdown total=0 bar=0 other=0 mobile=0 showBar=0 showBarNTP=1
2026-09-22 13:14:59.395: [INFO] CurrentProfilePath: C:\Users\Owner\source\repos\OakMusic\bin\Debug\net9.0-windows\OakMusic.exe.WebView2\EBWebView\Default
2026-09-22 13:14:59.395: [INFO] Profiles total count: 1
2026-09-22 13:14:59.395: [INFO] Profile: name=Profile 1 path=C:\Users\Owner\source\repos\OakMusic\bin\Debug\net9.0-windows\OakMusic.exe.WebView2\EBWebView\Default lastActive=null
2026-09-22 13:14:59.395: [INFO] LastUsedProfileDir: C:\Users\Owner\source\repos\OakMusic\bin\Debug\net9.0-windows\OakMusic.exe.WebView2\EBWebView\Default
2026-09-22 13:14:59.395: [INFO] OnDoneLoading sync enabled: 0
2026-09-22 13:14:59.395: [INFO] BookmarkModelLoaded, ids_reassigned: 0
2026-09-22 13:14:59.395: [INFO] BookmarksLoadDropped droppedNodes=0
2026-09-22 13:14:59.395: [INFO] BookmarksSnapshot Startup total=0 bar=0 other=0 mobile=0 showBar=0 showBarNTP=1
2026-09-22 13:15:32.290: [INFO] BookmarksSnapshot Shutdown total=0 bar=0 other=0 mobile=0 showBar=0 showBarNTP=1
2026-09-22 13:16:56.162: [INFO] CurrentProfilePath: C:\Users\Owner\source\repos\OakMusic\bin\Debug\net9.0-windows\OakMusic.exe.WebView2\EBWebView\Default
2026-09-22 13:16:56.162: [INFO] Profiles total count: 1
2026-09-22 13:16:56.162: [INFO] Profile: name=Profile 1 path=C:\Users\Owner\source\repos\OakMusic\bin\Debug\net9.0-windows\OakMusic.exe.WebView2\EBWebView\Default lastActive=2026-09-22T13:15:32.167Z
2026-09-22 13:16:56.162: [INFO] LastUsedProfileDir: C:\Users\Owner\source\repos\OakMusic\bin\Debug\net9.0-windows\OakMusic.exe.WebView2\EBWebView\Default
2026-09-22 13:16:56.162: [INFO] MostRecentlyActiveProfile: name=Profile 1 path=C:\Users\Owner\source\repos\OakMusic\bin\Debug\net9.0-windows\OakMusic.exe.WebView2\EBWebView\Default lastActive=2026-09-22T13:15:32.167Z
2026-09-22 13:16:56.162: [INFO] OnDoneLoading sync enabled: 0
2026-09-22 13:16:56.162: [INFO] BookmarkModelLoaded, ids_reassigned: 0
2026-09-22 13:16:56.162: [INFO] BookmarksLoadDropped droppedNodes=0
2026-09-22 13:16:56.162: [INFO] BookmarksSnapshot Startup total=0 bar=0 other=0 mobile=0 showBar=0 showBarNTP=1
2026-09-22 13:17:11.412: [INFO] BookmarksSnapshot Shutdown total=0 bar=0 other=0 mobile=0 showBar=0 showBarNTP=1
2026-09-22 13:17:31.930: [INFO] CurrentProfilePath: C:\Users\Owner\source\repos\OakMusic\bin\Debug\net9.0-windows\OakMusic.exe.WebView2\EBWebView\Default
2026-09-22 13:17:31.930: [INFO] Profiles total count: 1
2026-09-22 13:17:31.930: [INFO] Profile: name=Profile 1 path=C:\Users\Owner\source\repos\OakMusic\bin\Debug\net9.0-windows\OakMusic.exe.WebView2\EBWebView\Default lastActive=2026-09-22T13:17:10.132Z
2026-09-22 13:17:31.930: [INFO] LastUsedProfileDir: C:\Users\Owner\source\repos\OakMusic\bin\Debug\net9.0-windows\OakMusic.exe.WebView2\EBWebView\Default
2026-09-22 13:17:31.930: [INFO] MostRecentlyActiveProfile: name=Profile 1 path=C:\Users\Owner\source\repos\OakMusic\bin\Debug\net9.0-windows\OakMusic.exe.WebView2\EBWebView\Default lastActive=2026-09-22T13:17:10.132Z
2026-09-22 13:17:31.930: [INFO] OnDoneLoading sync enabled: 0
2026-09-22 13:17:31.930: [INFO] BookmarkModelLoaded, ids_reassigned: 0
2026-09-22 13:17:31.930: [INFO] BookmarksLoadDropped droppedNodes=0
2026-09-22 13:17:31.930: [INFO] BookmarksSnapshot Startup total=0 bar=0 other=0 mobile=0 showBar=0 showBarNTP=1
2026-09-22 13:17:46.224: [INFO] BookmarksSnapshot Shutdown total=0 bar=0 other=0 mobile=0 showBar=0 showBarNTP=1
2026-09-22 13:25:51.167: [INFO] CurrentProfilePath: C:\Users\Owner\source\repos\OakMusic\bin\Debug\net9.0-windows\OakMusic.exe.WebView2\EBWebView\Default
2026-09-22 13:25:51.167: [INFO] Profiles total count: 1
2026-09-22 13:25:51.167: [INFO] Profile: name=Profile 1 path=C:\Users\Owner\source\repos\OakMusic\bin\Debug\net9.0-windows\OakMusic.exe.WebView2\EBWebView\Default lastActive=2026-09-22T13:17:44.651Z
2026-09-22 13:25:51.167: [INFO] LastUsedProfileDir: C:\Users\Owner\source\repos\OakMusic\bin\Debug\net9.0-windows\OakMusic.exe.WebView2\EBWebView\Default
2026-09-22 13:25:51.167: [INFO] MostRecentlyActiveProfile: name=Profile 1 path=C:\Users\Owner\source\repos\OakMusic\bin\Debug\net9.0-windows\OakMusic.exe.WebView2\EBWebView\Default lastActive=2026-09-22T13:17:44.651Z
2026-09-22 13:25:51.167: [INFO] OnDoneLoading sync enabled: 0
2026-09-22 13:25:51.167: [INFO] BookmarkModelLoaded, ids_reassigned: 0
2026-09-22 13:25:51.167: [INFO] BookmarksLoadDropped droppedNodes=0
2026-09-22 13:25:51.167: [INFO] BookmarksSnapshot Startup total=0 bar=0 other=0 mobile=0 showBar=0 showBarNTP=1
2026-09-22 13:26:22.710: [INFO] BookmarksSnapshot Shutdown total=0 bar=0 other=0 mobile=0 showBar=0 showBarNTP=1
2026-09-22 13:27:33.977: [INFO] CurrentProfilePath: C:\Users\Owner\source\repos\OakMusic\bin\Debug\net9.0-windows\OakMusic.exe.WebView2\EBWebView\Default
2026-09-22 13:27:33.977: [INFO] Profiles total count: 1
2026-09-22 13:27:33.977: [INFO] Profile: name=Profile 1 path=C:\Users\Owner\source\repos\OakMusic\bin\Debug\net9.0-windows\OakMusic.exe.WebView2\EBWebView\Default lastActive=2026-09-22T13:17:44.651Z
2026-09-22 13:27:33.977: [INFO] LastUsedProfileDir: C:\Users\Owner\source\repos\OakMusic\bin\Debug\net9.0-windows\OakMusic.exe.WebView2\EBWebView\Default
2026-09-22 13:27:33.977: [INFO] MostRecentlyActiveProfile: name=Profile 1 path=C:\Users\Owner\source\repos\OakMusic\bin\Debug\net9.0-windows\OakMusic.exe.WebView2\EBWebView\Default lastActive=2026-09-22T13:17:44.651Z
2026-09-22 13:27:33.977: [INFO] OnDoneLoading sync enabled: 0
2026-09-22 13:27:33.977: [INFO] BookmarkModelLoaded, ids_reassigned: 0
2026-09-22 13:27:33.977: [INFO] BookmarksLoadDropped droppedNodes=0
2026-09-22 13:27:33.977: [INFO] BookmarksSnapshot Startup total=0 bar=0 other=0 mobile=0 showBar=0 showBarNTP=1
2026-09-22 13:31:28.287: [INFO] BookmarksSnapshot Shutdown total=0 bar=0 other=0 mobile=0 showBar=0 showBarNTP=1
2026-09-22 13:32:22.143: [INFO] CurrentProfilePath: C:\Users\Owner\source\repos\OakMusic\bin\Debug\net9.0-windows\OakMusic.exe.WebView2\EBWebView\Default
2026-09-22 13:32:22.143: [INFO] Profiles total count: 1
2026-09-22 13:32:22.143: [INFO] Profile: name=Profile 1 path=C:\Users\Owner\source\repos\OakMusic\bin\Debug\net9.0-windows\OakMusic.exe.WebView2\EBWebView\Default lastActive=2026-09-22T13:17:44.651Z
2026-09-22 13:32:22.143: [INFO] LastUsedProfileDir: C:\Users\Owner\source\repos\OakMusic\bin\Debug\net9.0-windows\OakMusic.exe.WebView2\EBWebView\Default
2026-09-22 13:32:22.143: [INFO] MostRecentlyActiveProfile: name=Profile 1 path=C:\Users\Owner\source\repos\OakMusic\bin\Debug\net9.0-windows\OakMusic.exe.WebView2\EBWebView\Default lastActive=2026-09-22T13:17:44.651Z
2026-09-22 13:32:22.143: [INFO] OnDoneLoading sync enabled: 0
2026-09-22 13:32:22.143: [INFO] BookmarkModelLoaded, ids_reassigned: 0
2026-09-22 13:32:22.143: [INFO] BookmarksLoadDropped droppedNodes=0
2026-09-22 13:32:22.143: [INFO] BookmarksSnapshot Startup total=0 bar=0 other=0 mobile=0 showBar=0 showBarNTP=1
2026-09-22 13:32:48.668: [INFO] BookmarksSnapshot Shutdown total=0 bar=0 other=0 mobile=0 showBar=0 showBarNTP=1
2026-09-22 13:45:33.326: [INFO] CurrentProfilePath: C:\Users\Owner\source\repos\OakMusic\bin\Debug\net9.0-windows\OakMusic.exe.WebView2\EBWebView\Default
2026-09-22 13:45:33.326: [INFO] Profiles total count: 1
2026-09-22 13:45:33.327: [INFO] Profile: name=Profile 1 path=C:\Users\Owner\source\repos\OakMusic\bin\Debug\net9.0-windows\OakMusic.exe.WebView2\EBWebView\Default lastActive=2026-09-22T13:17:44.651Z
2026-09-22 13:45:33.327: [INFO] LastUsedProfileDir: C:\Users\Owner\source\repos\OakMusic\bin\Debug\net9.0-windows\OakMusic.exe.WebView2\EBWebView\Default
2026-09-22 13:45:33.327: [INFO] MostRecentlyActiveProfile: name=Profile 1 path=C:\Users\Owner\source\repos\OakMusic\bin\Debug\net9.0-windows\OakMusic.exe.WebView2\EBWebView\Default lastActive=2026-09-22T13:17:44.651Z
2026-09-22 13:45:33.327: [INFO] OnDoneLoading sync enabled: 0
2026-09-22 13:45:33.327: [INFO] BookmarkModelLoaded, ids_reassigned: 0
2026-09-22 13:45:33.327: [INFO] BookmarksLoadDropped droppedNodes=0
2026-09-22 13:45:33.327: [INFO] BookmarksSnapshot Startup total=0 bar=0 other=0 mobile=0 showBar=0 showBarNTP=1
2026-09-22 13:50:08.662: [INFO] BookmarksSnapshot Shutdown total=0 bar=0 other=0 mobile=0 showBar=0 showBarNTP=1
2026-09-22 13:58:48.865: [INFO] CurrentProfilePath: C:\Users\Owner\source\repos\OakMusic\bin\Debug\net9.0-windows\OakMusic.exe.WebView2\EBWebView\Default
2026-09-22 13:58:48.865: [INFO] Profiles total count: 1
2026-09-22 13:58:48.865: [INFO] Profile: name=Profile 1 path=C:\Users\Owner\source\repos\OakMusic\bin\Debug\net9.0-windows\OakMusic.exe.WebView2\EBWebView\Default lastActive=2026-09-22T13:17:44.651Z
2026-09-22 13:58:48.865: [INFO] LastUsedProfileDir: C:\Users\Owner\source\repos\OakMusic\bin\Debug\net9.0-windows\OakMusic.exe.WebView2\EBWebView\Default
2026-09-22 13:58:48.865: [INFO] MostRecentlyActiveProfile: name=Profile 1 path=C:\Users\Owner\source\repos\OakMusic\bin\Debug\net9.0-windows\OakMusic.exe.WebView2\EBWebView\Default lastActive=2026-09-22T13:17:44.651Z
2026-09-22 13:58:48.865: [INFO] OnDoneLoading sync enabled: 0
2026-09-22 13:58:48.865: [INFO] BookmarkModelLoaded, ids_reassigned: 0
2026-09-22 13:58:48.865: [INFO] BookmarksLoadDropped droppedNodes=0
2026-09-22 13:58:48.865: [INFO] BookmarksSnapshot Startup total=0 bar=0 other=0 mobile=0 showBar=0 showBarNTP=1
2026-09-22 14:00:44.675: [INFO] BookmarksSnapshot Shutdown total=0 bar=0 other=0 mobile=0 showBar=0 showBarNTP=1
2026-09-22 14:00:48.967: [INFO] CurrentProfilePath: C:\Users\Owner\source\repos\OakMusic\bin\Debug\net9.0-windows\OakMusic.exe.WebView2\EBWebView\Default
2026-09-22 14:00:48.967: [INFO] Profiles total count: 1
2026-09-22 14:00:48.967: [INFO] Profile: name=Profile 1 path=C:\Users\Owner\source\repos\OakMusic\bin\Debug\net9.0-windows\OakMusic.exe.WebView2\EBWebView\Default lastActive=2026-09-22T13:17:44.651Z
2026-09-22 14:00:48.967: [INFO] LastUsedProfileDir: C:\Users\Owner\source\repos\OakMusic\bin\Debug\net9.0-windows\OakMusic.exe.WebView2\EBWebView\Default
2026-09-22 14:00:48.967: [INFO] MostRecentlyActiveProfile: name=Profile 1 path=C:\Users\Owner\source\repos\OakMusic\bin\Debug\net9.0-windows\OakMusic.exe.WebView2\EBWebView\Default lastActive=2026-09-22T13:17:44.651Z
2026-09-22 14:00:48.967: [INFO] OnDoneLoading sync enabled: 0
2026-09-22 14:00:48.967: [INFO] BookmarkModelLoaded, ids_reassigned: 0
2026-09-22 14:00:48.967: [INFO] BookmarksLoadDropped droppedNodes=0
2026-09-22 14:00:48.967: [INFO] BookmarksSnapshot Startup total=0 bar=0 other=0 mobile=0 showBar=0 showBarNTP=1
2026-09-22 14:08:48.176: [INFO] BookmarksSnapshot Shutdown total=0 bar=0 other=0 mobile=0 showBar=0 showBarNTP=1
2026-09-22 14:20:29.546: [INFO] CurrentProfilePath: C:\Users\Owner\source\repos\OakMusic\bin\Debug\net9.0-windows\OakMusic.exe.WebView2\EBWebView\Default
2026-09-22 14:20:29.546: [INFO] Profiles total count: 1
2026-09-22 14:20:29.546: [INFO] Profile: name=Profile 1 path=C:\Users\Owner\source\repos\OakMusic\bin\Debug\net9.0-windows\OakMusic.exe.WebView2\EBWebView\Default lastActive=2026-09-22T13:17:44.651Z
2026-09-22 14:20:29.546: [INFO] LastUsedProfileDir: C:\Users\Owner\source\repos\OakMusic\bin\Debug\net9.0-windows\OakMusic.exe.WebView2\EBWebView\Default
2026-09-22 14:20:29.546: [INFO] MostRecentlyActiveProfile: name=Profile 1 path=C:\Users\Owner\source\repos\OakMusic\bin\Debug\net9.0-windows\OakMusic.exe.WebView2\EBWebView\Default lastActive=2026-09-22T13:17:44.651Z
2026-09-22 14:20:29.546: [INFO] OnDoneLoading sync enabled: 0
2026-09-22 14:20:29.546: [INFO] BookmarkModelLoaded, ids_reassigned: 0
2026-09-22 14:20:29.546: [INFO] BookmarksLoadDropped droppedNodes=0
2026-09-22 14:20:29.546: [INFO] BookmarksSnapshot Startup total=0 bar=0 other=0 mobile=0 showBar=0 showBarNTP=1
2026-09-22 14:20:47.620: [INFO] BookmarksSnapshot Shutdown total=0 bar=0 other=0 mobile=0 showBar=0 showBarNTP=1
2026-09-22 14:23:04.921: [INFO] CurrentProfilePath: C:\Users\Owner\source\repos\OakMusic\bin\Debug\net9.0-windows\OakMusic.exe.WebView2\EBWebView\Default
2026-09-22 14:23:04.921: [INFO] Profiles total count: 1
2026-09-22 14:23:04.921: [INFO] Profile: name=Profile 1 path=C:\Users\Owner\source\repos\OakMusic\bin\Debug\net9.0-windows\OakMusic.exe.WebView2\EBWebView\Default lastActive=2026-09-22T13:17:44.651Z
2026-09-22 14:23:04.921: [INFO] LastUsedProfileDir: C:\Users\Owner\source\repos\OakMusic\bin\Debug\net9.0-windows\OakMusic.exe.WebView2\EBWebView\Default
2026-09-22 14:23:04.921: [INFO] MostRecentlyActiveProfile: name=Profile 1 path=C:\Users\Owner\source\repos\OakMusic\bin\Debug\net9.0-windows\OakMusic.exe.WebView2\EBWebView\Default lastActive=2026-09-22T13:17:44.651Z
2026-09-22 14:23:04.921: [INFO] OnDoneLoading sync enabled: 0
2026-09-22 14:23:04.921: [INFO] BookmarkModelLoaded, ids_reassigned: 0
2026-09-22 14:23:04.921: [INFO] BookmarksLoadDropped droppedNodes=0
2026-09-22 14:23:04.921: [INFO] BookmarksSnapshot Startup total=0 bar=0 other=0 mobile=0 showBar=0 showBarNTP=1
2026-09-22 14:29:02.821: [INFO] BookmarksSnapshot Shutdown total=0 bar=0 other=0 mobile=0 showBar=0 showBarNTP=1
2026-09-22 14:44:31.432: [INFO] CurrentProfilePath: C:\Users\Owner\source\repos\OakMusic\bin\Debug\net9.0-windows\OakMusic.exe.WebView2\EBWebView\Default
2026-09-22 14:44:31.432: [INFO] Profiles total count: 1
2026-09-22 14:44:31.432: [INFO] Profile: name=Profile 1 path=C:\Users\Owner\source\repos\OakMusic\bin\Debug\net9.0-windows\OakMusic.exe.WebView2\EBWebView\Default lastActive=2026-09-22T13:17:44.651Z
2026-09-22 14:44:31.432: [INFO] LastUsedProfileDir: C:\Users\Owner\source\repos\OakMusic\bin\Debug\net9.0-windows\OakMusic.exe.WebView2\EBWebView\Default
2026-09-22 14:44:31.432: [INFO] MostRecentlyActiveProfile: name=Profile 1 path=C:\Users\Owner\source\repos\OakMusic\bin\Debug\net9.0-windows\OakMusic.exe.WebView2\EBWebView\Default lastActive=2026-09-22T13:17:44.651Z
2026-09-22 14:44:31.432: [INFO] OnDoneLoading sync enabled: 0
2026-09-22 14:44:31.432: [INFO] BookmarkModelLoaded, ids_reassigned: 0
2026-09-22 14:44:31.432: [INFO] BookmarksLoadDropped droppedNodes=0
2026-09-22 14:44:31.432: [INFO] BookmarksSnapshot Startup total=0 bar=0 other=0 mobile=0 showBar=0 showBarNTP=1
2026-09-22 14:44:43.458: [INFO] BookmarksSnapshot Shutdown total=0 bar=0 other=0 mobile=0 showBar=0 showBarNTP=1
2026-09-22 14:44:47.268: [INFO] CurrentProfilePath: C:\Users\Owner\source\repos\OakMusic\bin\Debug\net9.0-windows\OakMusic.exe.WebView2\EBWebView\Default
2026-09-22 14:44:47.268: [INFO] Profiles total count: 1
2026-09-22 14:44:47.268: [INFO] Profile: name=Profile 1 path=C:\Users\Owner\source\repos\OakMusic\bin\Debug\net9.0-windows\OakMusic.exe.WebView2\EBWebView\Default lastActive=2026-09-22T13:17:44.651Z
2026-09-22 14:44:47.268: [INFO] LastUsedProfileDir: C:\Users\Owner\source\repos\OakMusic\bin\Debug\net9.0-windows\OakMusic.exe.WebView2\EBWebView\Default
2026-09-22 14:44:47.268: [INFO] MostRecentlyActiveProfile: name=Profile 1 path=C:\Users\Owner\source\repos\OakMusic\bin\Debug\net9.0-windows\OakMusic.exe.WebView2\EBWebView\Default lastActive=2026-09-22T13:17:44.651Z
2026-09-22 14:44:47.268: [INFO] OnDoneLoading sync enabled: 0
2026-09-22 14:44:47.268: [INFO] BookmarkModelLoaded, ids_reassigned: 0
2026-09-22 14:44:47.268: [INFO] BookmarksLoadDropped droppedNodes=0
2026-09-22 14:44:47.268: [INFO] BookmarksSnapshot Startup total=0 bar=0 other=0 mobile=0 showBar=0 showBarNTP=1
2026-09-22 14:45:10.728: [INFO] BookmarksSnapshot Shutdown total=0 bar=0 other=0 mobile=0 showBar=0 showBarNTP=1
2026-09-22 14:45:39.866: [INFO] CurrentProfilePath: C:\Users\Owner\source\repos\OakMusic\bin\Debug\net9.0-windows\OakMusic.exe.WebView2\EBWebView\Default
2026-09-22 14:45:39.866: [INFO] Profiles total count: 1
2026-09-22 14:45:39.866: [INFO] Profile: name=Profile 1 path=C:\Users\Owner\source\repos\OakMusic\bin\Debug\net9.0-windows\OakMusic.exe.WebView2\EBWebView\Default lastActive=2026-09-22T13:17:44.651Z
2026-09-22 14:45:39.866: [INFO] LastUsedProfileDir: C:\Users\Owner\source\repos\OakMusic\bin\Debug\net9.0-windows\OakMusic.exe.WebView2\EBWebView\Default
2026-09-22 14:45:39.866: [INFO] MostRecentlyActiveProfile: name=Profile 1 path=C:\Users\Owner\source\repos\OakMusic\bin\Debug\net9.0-windows\OakMusic.exe.WebView2\EBWebView\Default lastActive=2026-09-22T13:17:44.651Z
2026-09-22 14:45:39.866: [INFO] OnDoneLoading sync enabled: 0
2026-09-22 14:45:39.866: [INFO] BookmarkModelLoaded, ids_reassigned: 0
2026-09-22 14:45:39.866: [INFO] BookmarksLoadDropped droppedNodes=0
2026-09-22 14:45:39.866: [INFO] BookmarksSnapshot Startup total=0 bar=0 other=0 mobile=0 showBar=0 showBarNTP=1
2026-09-22 14:47:43.402: [INFO] BookmarksSnapshot Shutdown total=0 bar=0 other=0 mobile=0 showBar=0 showBarNTP=1
2026-09-22 14:51:42.936: [INFO] CurrentProfilePath: C:\Users\Owner\source\repos\OakMusic\bin\Debug\net9.0-windows\OakMusic.exe.WebView2\EBWebView\Default
2026-09-22 14:51:42.936: [INFO] Profiles total count: 1
2026-09-22 14:51:42.937: [INFO] Profile: name=Profile 1 path=C:\Users\Owner\source\repos\OakMusic\bin\Debug\net9.0-windows\OakMusic.exe.WebView2\EBWebView\Default lastActive=2026-09-22T13:17:44.651Z
2026-09-22 14:51:42.937: [INFO] LastUsedProfileDir: C:\Users\Owner\source\repos\OakMusic\bin\Debug\net9.0-windows\OakMusic.exe.WebView2\EBWebView\Default
2026-09-22 14:51:42.937: [INFO] MostRecentlyActiveProfile: name=Profile 1 path=C:\Users\Owner\source\repos\OakMusic\bin\Debug\net9.0-windows\OakMusic.exe.WebView2\EBWebView\Default lastActive=2026-09-22T13:17:44.651Z
2026-09-22 14:51:42.937: [INFO] OnDoneLoading sync enabled: 0
2026-09-22 14:51:42.937: [INFO] BookmarkModelLoaded, ids_reassigned: 0
2026-09-22 14:51:42.937: [INFO] BookmarksLoadDropped droppedNodes=0
2026-09-22 14:51:42.937: [INFO] BookmarksSnapshot Startup total=0 bar=0 other=0 mobile=0 showBar=0 showBarNTP=1
2026-09-22 14:52:15.507: [INFO] BookmarksSnapshot Shutdown total=0 bar=0 other=0 mobile=0 showBar=0 showBarNTP=1
2026-09-22 14:54:14.821: [INFO] CurrentProfilePath: C:\Users\Owner\source\repos\OakMusic\bin\Debug\net9.0-windows\OakMusic.exe.WebView2\EBWebView\Default
2026-09-22 14:54:14.821: [INFO] Profiles total count: 1
2026-09-22 14:54:14.821: [INFO] Profile: name=Profile 1 path=C:\Users\Owner\source\repos\OakMusic\bin\Debug\net9.0-windows\OakMusic.exe.WebView2\EBWebView\Default lastActive=2026-09-22T13:17:44.651Z
2026-09-22 14:54:14.821: [INFO] LastUsedProfileDir: C:\Users\Owner\source\repos\OakMusic\bin\Debug\net9.0-windows\OakMusic.exe.WebView2\EBWebView\Default
2026-09-22 14:54:14.821: [INFO] MostRecentlyActiveProfile: name=Profile 1 path=C:\Users\Owner\source\repos\OakMusic\bin\Debug\net9.0-windows\OakMusic.exe.WebView2\EBWebView\Default lastActive=2026-09-22T13:17:44.651Z
2026-09-22 14:54:14.821: [INFO] OnDoneLoading sync enabled: 0
2026-09-22 14:54:14.821: [INFO] BookmarkModelLoaded, ids_reassigned: 0
2026-09-22 14:54:14.821: [INFO] BookmarksLoadDropped droppedNodes=0
2026-09-22 14:54:14.821: [INFO] BookmarksSnapshot Startup total=0 bar=0 other=0 mobile=0 showBar=0 showBarNTP=1
2026-09-22 14:55:20.507: [INFO] BookmarksSnapshot Shutdown total=0 bar=0 other=0 mobile=0 showBar=0 showBarNTP=1
2026-09-22 14:55:54.623: [INFO] CurrentProfilePath: C:\Users\Owner\source\repos\OakMusic\bin\Debug\net9.0-windows\OakMusic.exe.WebView2\EBWebView\Default
2026-09-22 14:55:54.623: [INFO] Profiles total count: 1
2026-09-22 14:55:54.623: [INFO] Profile: name=Profile 1 path=C:\Users\Owner\source\repos\OakMusic\bin\Debug\net9.0-windows\OakMusic.exe.WebView2\EBWebView\Default lastActive=2026-09-22T13:17:44.651Z
2026-09-22 14:55:54.623: [INFO] LastUsedProfileDir: C:\Users\Owner\source\repos\OakMusic\bin\Debug\net9.0-windows\OakMusic.exe.WebView2\EBWebView\Default
2026-09-22 14:55:54.623: [INFO] MostRecentlyActiveProfile: name=Profile 1 path=C:\Users\Owner\source\repos\OakMusic\bin\Debug\net9.0-windows\OakMusic.exe.WebView2\EBWebView\Default lastActive=2026-09-22T13:17:44.651Z
2026-09-22 14:55:54.623: [INFO] OnDoneLoading sync enabled: 0
2026-09-22 14:55:54.623: [INFO] BookmarkModelLoaded, ids_reassigned: 0
2026-09-22 14:55:54.623: [INFO] BookmarksLoadDropped droppedNodes=0
2026-09-22 14:55:54.623: [INFO] BookmarksSnapshot Startup total=0 bar=0 other=0 mobile=0 showBar=0 showBarNTP=1
2026-09-22 14:57:37.621: [INFO] BookmarksSnapshot Shutdown total=0 bar=0 other=0 mobile=0 showBar=0 showBarNTP=1
2026-09-22 14:58:27.991: [INFO] CurrentProfilePath: C:\Users\Owner\source\repos\OakMusic\bin\Debug\net9.0-windows\OakMusic.exe.WebView2\EBWebView\Default
2026-09-22 14:58:27.991: [INFO] Profiles total count: 1
2026-09-22 14:58:27.991: [INFO] Profile: name=Profile 1 path=C:\Users\Owner\source\repos\OakMusic\bin\Debug\net9.0-windows\OakMusic.exe.WebView2\EBWebView\Default lastActive=2026-09-22T14:56:49.975Z
2026-09-22 14:58:27.991: [INFO] LastUsedProfileDir: C:\Users\Owner\source\repos\OakMusic\bin\Debug\net9.0-windows\OakMusic.exe.WebView2\EBWebView\Default
2026-09-22 14:58:27.991: [INFO] MostRecentlyActiveProfile: name=Profile 1 path=C:\Users\Owner\source\repos\OakMusic\bin\Debug\net9.0-windows\OakMusic.exe.WebView2\EBWebView\Default lastActive=2026-09-22T14:56:49.975Z
2026-09-22 14:58:27.991: [INFO] OnDoneLoading sync enabled: 0
2026-09-22 14:58:27.991: [INFO] BookmarkModelLoaded, ids_reassigned: 0
2026-09-22 14:58:27.991: [INFO] BookmarksLoadDropped droppedNodes=0
2026-09-22 14:58:27.991: [INFO] BookmarksSnapshot Startup total=0 bar=0 other=0 mobile=0 showBar=0 showBarNTP=1
2026-09-22 14:58:57.729: [INFO] BookmarksSnapshot Shutdown total=0 bar=0 other=0 mobile=0 showBar=0 showBarNTP=1
2026-09-22 15:00:50.013: [INFO] CurrentProfilePath: C:\Users\Owner\source\repos\OakMusic\bin\Debug\net9.0-windows\OakMusic.exe.WebView2\EBWebView\Default
2026-09-22 15:00:50.013: [INFO] Profiles total count: 1
2026-09-22 15:00:50.013: [INFO] Profile: name=Profile 1 path=C:\Users\Owner\source\repos\OakMusic\bin\Debug\net9.0-windows\OakMusic.exe.WebView2\EBWebView\Default lastActive=2026-09-22T14:56:49.975Z
2026-09-22 15:00:50.013: [INFO] LastUsedProfileDir: C:\Users\Owner\source\repos\OakMusic\bin\Debug\net9.0-windows\OakMusic.exe.WebView2\EBWebView\Default
2026-09-22 15:00:50.013: [INFO] MostRecentlyActiveProfile: name=Profile 1 path=C:\Users\Owner\source\repos\OakMusic\bin\Debug\net9.0-windows\OakMusic.exe.WebView2\EBWebView\Default lastActive=2026-09-22T14:56:49.975Z
2026-09-22 15:00:50.013: [INFO] OnDoneLoading sync enabled: 0
2026-09-22 15:00:50.013: [INFO] BookmarkModelLoaded, ids_reassigned: 0
2026-09-22 15:00:50.013: [INFO] BookmarksLoadDropped droppedNodes=0
2026-09-22 15:00:50.013: [INFO] BookmarksSnapshot Startup total=0 bar=0 other=0 mobile=0 showBar=0 showBarNTP=1
2026-09-22 15:04:39.576: [INFO] BookmarksSnapshot Shutdown total=0 bar=0 other=0 mobile=0 showBar=0 showBarNTP=1
2026-09-22 15:09:19.489: [INFO] CurrentProfilePath: C:\Users\Owner\source\repos\OakMusic\bin\Debug\net9.0-windows\OakMusic.exe.WebView2\EBWebView\Default
2026-09-22 15:09:19.489: [INFO] Profiles total count: 1
2026-09-22 15:09:19.489: [INFO] Profile: name=Profile 1 path=C:\Users\Owner\source\repos\OakMusic\bin\Debug\net9.0-windows\OakMusic.exe.WebView2\EBWebView\Default lastActive=2026-09-22T14:56:49.975Z
2026-09-22 15:09:19.489: [INFO] LastUsedProfileDir: C:\Users\Owner\source\repos\OakMusic\bin\Debug\net9.0-windows\OakMusic.exe.WebView2\EBWebView\Default
2026-09-22 15:09:19.489: [INFO] MostRecentlyActiveProfile: name=Profile 1 path=C:\Users\Owner\source\repos\OakMusic\bin\Debug\net9.0-windows\OakMusic.exe.WebView2\EBWebView\Default lastActive=2026-09-22T14:56:49.975Z
2026-09-22 15:09:19.489: [INFO] OnDoneLoading sync enabled: 0
2026-09-22 15:09:19.489: [INFO] BookmarkModelLoaded, ids_reassigned: 0
2026-09-22 15:09:19.489: [INFO] BookmarksLoadDropped droppedNodes=0
2026-09-22 15:09:19.489: [INFO] BookmarksSnapshot Startup total=0 bar=0 other=0 mobile=0 showBar=0 showBarNTP=1
2026-09-22 15:16:22.663: [INFO] BookmarksSnapshot Shutdown total=0 bar=0 other=0 mobile=0 showBar=0 showBarNTP=1
2026-09-22 15:17:07.171: [INFO] CurrentProfilePath: C:\Users\Owner\source\repos\OakMusic\bin\Debug\net9.0-windows\OakMusic.exe.WebView2\EBWebView\Default
2026-09-22 15:17:07.171: [INFO] Profiles total count: 1
2026-09-22 15:17:07.171: [INFO] Profile: name=Profile 1 path=C:\Users\Owner\source\repos\OakMusic\bin\Debug\net9.0-windows\OakMusic.exe.WebView2\EBWebView\Default lastActive=2026-09-22T14:56:49.975Z
2026-09-22 15:17:07.171: [INFO] LastUsedProfileDir: C:\Users\Owner\source\repos\OakMusic\bin\Debug\net9.0-windows\OakMusic.exe.WebView2\EBWebView\Default
2026-09-22 15:17:07.171: [INFO] MostRecentlyActiveProfile: name=Profile 1 path=C:\Users\Owner\source\repos\OakMusic\bin\Debug\net9.0-windows\OakMusic.exe.WebView2\EBWebView\Default lastActive=2026-09-22T14:56:49.975Z
2026-09-22 15:17:07.171: [INFO] OnDoneLoading sync enabled: 0
2026-09-22 15:17:07.171: [INFO] BookmarkModelLoaded, ids_reassigned: 0
2026-09-22 15:17:07.171: [INFO] BookmarksLoadDropped droppedNodes=0
2026-09-22 15:17:07.171: [INFO] BookmarksSnapshot Startup total=0 bar=0 other=0 mobile=0 showBar=0 showBarNTP=1
2026-09-22 15:20:43.250: [INFO] BookmarksSnapshot Shutdown total=0 bar=0 other=0 mobile=0 showBar=0 showBarNTP=1
2026-09-22 15:20:47.802: [INFO] CurrentProfilePath: C:\Users\Owner\source\repos\OakMusic\bin\Debug\net9.0-windows\OakMusic.exe.WebView2\EBWebView\Default
2026-09-22 15:20:47.802: [INFO] Profiles total count: 1
2026-09-22 15:20:47.802: [INFO] Profile: name=Profile 1 path=C:\Users\Owner\source\repos\OakMusic\bin\Debug\net9.0-windows\OakMusic.exe.WebView2\EBWebView\Default lastActive=2026-09-22T14:56:49.975Z
2026-09-22 15:20:47.802: [INFO] LastUsedProfileDir: C:\Users\Owner\source\repos\OakMusic\bin\Debug\net9.0-windows\OakMusic.exe.WebView2\EBWebView\Default
2026-09-22 15:20:47.802: [INFO] MostRecentlyActiveProfile: name=Profile 1 path=C:\Users\Owner\source\repos\OakMusic\bin\Debug\net9.0-windows\OakMusic.exe.WebView2\EBWebView\Default lastActive=2026-09-22T14:56:49.975Z
2026-09-22 15:20:47.802: [INFO] OnDoneLoading sync enabled: 0
2026-09-22 15:20:47.802: [INFO] BookmarkModelLoaded, ids_reassigned: 0
2026-09-22 15:20:47.802: [INFO] BookmarksLoadDropped droppedNodes=0
2026-09-22 15:20:47.802: [INFO] BookmarksSnapshot Startup total=0 bar=0 other=0 mobile=0 showBar=0 showBarNTP=1
2026-09-22 15:38:36.446: [INFO] BookmarksSnapshot Shutdown total=0 bar=0 other=0 mobile=0 showBar=0 showBarNTP=1
2026-09-22 15:38:46.798: [INFO] CurrentProfilePath: C:\Users\Owner\source\repos\OakMusic\bin\Debug\net9.0-windows\OakMusic.exe.WebView2\EBWebView\Default
2026-09-22 15:38:46.798: [INFO] Profiles total count: 1
2026-09-22 15:38:46.798: [INFO] Profile: name=Profile 1 path=C:\Users\Owner\source\repos\OakMusic\bin\Debug\net9.0-windows\OakMusic.exe.WebView2\EBWebView\Default lastActive=2026-09-22T14:56:49.975Z
2026-09-22 15:38:46.798: [INFO] LastUsedProfileDir: C:\Users\Owner\source\repos\OakMusic\bin\Debug\net9.0-windows\OakMusic.exe.WebView2\EBWebView\Default
2026-09-22 15:38:46.798: [INFO] MostRecentlyActiveProfile: name=Profile 1 path=C:\Users\Owner\source\repos\OakMusic\bin\Debug\net9.0-windows\OakMusic.exe.WebView2\EBWebView\Default lastActive=2026-09-22T14:56:49.975Z
2026-09-22 15:38:46.798: [INFO] OnDoneLoading sync enabled: 0
2026-09-22 15:38:46.798: [INFO] BookmarkModelLoaded, ids_reassigned: 0
2026-09-22 15:38:46.798: [INFO] BookmarksLoadDropped droppedNodes=0
2026-09-22 15:38:46.798: [INFO] BookmarksSnapshot Startup total=0 bar=0 other=0 mobile=0 showBar=0 showBarNTP=1
2026-09-22 15:40:11.245: [INFO] BookmarksSnapshot Shutdown total=0 bar=0 other=0 mobile=0 showBar=0 showBarNTP=1
2026-09-22 15:46:10.244: [INFO] CurrentProfilePath: C:\Users\Owner\source\repos\OakMusic\bin\Debug\net9.0-windows\OakMusic.exe.WebView2\EBWebView\Default
2026-09-22 15:46:10.244: [INFO] Profiles total count: 1
2026-09-22 15:46:10.244: [INFO] Profile: name=Profile 1 path=C:\Users\Owner\source\repos\OakMusic\bin\Debug\net9.0-windows\OakMusic.exe.WebView2\EBWebView\Default lastActive=2026-09-22T14:56:49.975Z
2026-09-22 15:46:10.244: [INFO] LastUsedProfileDir: C:\Users\Owner\source\repos\OakMusic\bin\Debug\net9.0-windows\OakMusic.exe.WebView2\EBWebView\Default
2026-09-22 15:46:10.244: [INFO] MostRecentlyActiveProfile: name=Profile 1 path=C:\Users\Owner\source\repos\OakMusic\bin\Debug\net9.0-windows\OakMusic.exe.WebView2\EBWebView\Default lastActive=2026-09-22T14:56:49.975Z
2026-09-22 15:46:10.244: [INFO] OnDoneLoading sync enabled: 0
2026-09-22 15:46:10.244: [INFO] BookmarkModelLoaded, ids_reassigned: 0
2026-09-22 15:46:10.244: [INFO] BookmarksLoadDropped droppedNodes=0
2026-09-22 15:46:10.244: [INFO] BookmarksSnapshot Startup total=0 bar=0 other=0 mobile=0 showBar=0 showBarNTP=1
2026-09-22 15:46:43.354: [INFO] BookmarksSnapshot Shutdown total=0 bar=0 other=0 mobile=0 showBar=0 showBarNTP=1
2026-09-22 15:48:18.077: [INFO] CurrentProfilePath: C:\Users\Owner\source\repos\OakMusic\bin\Debug\net9.0-windows\OakMusic.exe.WebView2\EBWebView\Default
2026-09-22 15:48:18.077: [INFO] Profiles total count: 1
2026-09-22 15:48:18.077: [INFO] Profile: name=Profile 1 path=C:\Users\Owner\source\repos\OakMusic\bin\Debug\net9.0-windows\OakMusic.exe.WebView2\EBWebView\Default lastActive=2026-09-22T14:56:49.975Z
2026-09-22 15:48:18.077: [INFO] LastUsedProfileDir: C:\Users\Owner\source\repos\OakMusic\bin\Debug\net9.0-windows\OakMusic.exe.WebView2\EBWebView\Default
2026-09-22 15:48:18.077: [INFO] MostRecentlyActiveProfile: name=Profile 1 path=C:\Users\Owner\source\repos\OakMusic\bin\Debug\net9.0-windows\OakMusic.exe.WebView2\EBWebView\Default lastActive=2026-09-22T14:56:49.975Z
2026-09-22 15:48:18.077: [INFO] OnDoneLoading sync enabled: 0
2026-09-22 15:48:18.077: [INFO] BookmarkModelLoaded, ids_reassigned: 0
2026-09-22 15:48:18.077: [INFO] BookmarksLoadDropped droppedNodes=0
2026-09-22 15:48:18.077: [INFO] BookmarksSnapshot Startup total=0 bar=0 other=0 mobile=0 showBar=0 showBarNTP=1
2026-09-22 15:48:37.102: [INFO] BookmarksSnapshot Shutdown total=0 bar=0 other=0 mobile=0 showBar=0 showBarNTP=1
2026-09-22 15:57:51.727: [INFO] CurrentProfilePath: C:\Users\Owner\source\repos\OakMusic\bin\Debug\net9.0-windows\OakMusic.exe.WebView2\EBWebView\Default
2026-09-22 15:57:51.727: [INFO] Profiles total count: 1
2026-09-22 15:57:51.727: [INFO] Profile: name=Profile 1 path=C:\Users\Owner\source\repos\OakMusic\bin\Debug\net9.0-windows\OakMusic.exe.WebView2\EBWebView\Default lastActive=2026-09-22T14:56:49.975Z
2026-09-22 15:57:51.727: [INFO] LastUsedProfileDir: C:\Users\Owner\source\repos\OakMusic\bin\Debug\net9.0-windows\OakMusic.exe.WebView2\EBWebView\Default
2026-09-22 15:57:51.727: [INFO] MostRecentlyActiveProfile: name=Profile 1 path=C:\Users\Owner\source\repos\OakMusic\bin\Debug\net9.0-windows\OakMusic.exe.WebView2\EBWebView\Default lastActive=2026-09-22T14:56:49.975Z
2026-09-22 15:57:51.727: [INFO] OnDoneLoading sync enabled: 0
2026-09-22 15:57:51.727: [INFO] BookmarkModelLoaded, ids_reassigned: 0
2026-09-22 15:57:51.727: [INFO] BookmarksLoadDropped droppedNodes=0
2026-09-22 15:57:51.727: [INFO] BookmarksSnapshot Startup total=0 bar=0 other=0 mobile=0 showBar=0 showBarNTP=1
2026-09-22 15:58:13.808: [INFO] BookmarksSnapshot Shutdown total=0 bar=0 other=0 mobile=0 showBar=0 showBarNTP=1
2026-09-22 16:04:39.126: [INFO] CurrentProfilePath: C:\Users\Owner\source\repos\OakMusic\bin\Debug\net9.0-windows\OakMusic.exe.WebView2\EBWebView\Default
2026-09-22 16:04:39.126: [INFO] Profiles total count: 1
2026-09-22 16:04:39.126: [INFO] Profile: name=Profile 1 path=C:\Users\Owner\source\repos\OakMusic\bin\Debug\net9.0-windows\OakMusic.exe.WebView2\EBWebView\Default lastActive=2026-09-22T14:56:49.975Z
2026-09-22 16:04:39.126: [INFO] LastUsedProfileDir: C:\Users\Owner\source\repos\OakMusic\bin\Debug\net9.0-windows\OakMusic.exe.WebView2\EBWebView\Default
2026-09-22 16:04:39.126: [INFO] MostRecentlyActiveProfile: name=Profile 1 path=C:\Users\Owner\source\repos\OakMusic\bin\Debug\net9.0-windows\OakMusic.exe.WebView2\EBWebView\Default lastActive=2026-09-22T14:56:49.975Z
2026-09-22 16:04:39.126: [INFO] OnDoneLoading sync enabled: 0
2026-09-22 16:04:39.126: [INFO] BookmarkModelLoaded, ids_reassigned: 0
2026-09-22 16:04:39.126: [INFO] BookmarksLoadDropped droppedNodes=0
2026-09-22 16:04:39.126: [INFO] BookmarksSnapshot Startup total=0 bar=0 other=0 mobile=0 showBar=0 showBarNTP=1
2026-09-22 16:05:19.991: [INFO] BookmarksSnapshot Shutdown total=0 bar=0 other=0 mobile=0 showBar=0 showBarNTP=1
2026-09-22 16:07:37.150: [INFO] CurrentProfilePath: C:\Users\Owner\source\repos\OakMusic\bin\Debug\net9.0-windows\OakMusic.exe.WebView2\EBWebView\Default
2026-09-22 16:07:37.150: [INFO] Profiles total count: 1
2026-09-22 16:07:37.150: [INFO] Profile: name=Profile 1 path=C:\Users\Owner\source\repos\OakMusic\bin\Debug\net9.0-windows\OakMusic.exe.WebView2\EBWebView\Default lastActive=2026-09-22T14:56:49.975Z
2026-09-22 16:07:37.150: [INFO] LastUsedProfileDir: C:\Users\Owner\source\repos\OakMusic\bin\Debug\net9.0-windows\OakMusic.exe.WebView2\EBWebView\Default
2026-09-22 16:07:37.150: [INFO] MostRecentlyActiveProfile: name=Profile 1 path=C:\Users\Owner\source\repos\OakMusic\bin\Debug\net9.0-windows\OakMusic.exe.WebView2\EBWebView\Default lastActive=2026-09-22T14:56:49.975Z
2026-09-22 16:07:37.150: [INFO] OnDoneLoading sync enabled: 0
2026-09-22 16:07:37.150: [INFO] BookmarkModelLoaded, ids_reassigned: 0
2026-09-22 16:07:37.150: [INFO] BookmarksLoadDropped droppedNodes=0
2026-09-22 16:07:37.150: [INFO] BookmarksSnapshot Startup total=0 bar=0 other=0 mobile=0 showBar=0 showBarNTP=1
2026-09-22 16:07:53.347: [INFO] BookmarksSnapshot Shutdown total=0 bar=0 other=0 mobile=0 showBar=0 showBarNTP=1
2026-09-22 16:57:25.507: [INFO] CurrentProfilePath: C:\Users\Owner\source\repos\OakMusic\bin\Debug\net9.0-windows\OakMusic.exe.WebView2\EBWebView\Default
2026-09-22 16:57:25.507: [INFO] Profiles total count: 1
2026-09-22 16:57:25.507: [INFO] Profile: name=Profile 1 path=C:\Users\Owner\source\repos\OakMusic\bin\Debug\net9.0-windows\OakMusic.exe.WebView2\EBWebView\Default lastActive=2026-09-22T14:56:49.975Z
2026-09-22 16:57:25.507: [INFO] LastUsedProfileDir: C:\Users\Owner\source\repos\OakMusic\bin\Debug\net9.0-windows\OakMusic.exe.WebView2\EBWebView\Default
2026-09-22 16:57:25.507: [INFO] MostRecentlyActiveProfile: name=Profile 1 path=C:\Users\Owner\source\repos\OakMusic\bin\Debug\net9.0-windows\OakMusic.exe.WebView2\EBWebView\Default lastActive=2026-09-22T14:56:49.975Z
2026-09-22 16:57:25.507: [INFO] OnDoneLoading sync enabled: 0
2026-09-22 16:57:25.507: [INFO] BookmarkModelLoaded, ids_reassigned: 0
2026-09-22 16:57:25.507: [INFO] BookmarksLoadDropped droppedNodes=0
2026-09-22 16:57:25.507: [INFO] BookmarksSnapshot Startup total=0 bar=0 other=0 mobile=0 showBar=0 showBarNTP=1
2026-09-22 16:57:38.904: [INFO] BookmarksSnapshot Shutdown total=0 bar=0 other=0 mobile=0 showBar=0 showBarNTP=1
2026-09-22 17:03:30.788: [INFO] CurrentProfilePath: C:\Users\Owner\source\repos\OakMusic\bin\Debug\net9.0-windows\OakMusic.exe.WebView2\EBWebView\Default
2026-09-22 17:03:30.788: [INFO] Profiles total count: 1
2026-09-22 17:03:30.788: [INFO] Profile: name=Profile 1 path=C:\Users\Owner\source\repos\OakMusic\bin\Debug\net9.0-windows\OakMusic.exe.WebView2\EBWebView\Default lastActive=2026-09-22T14:56:49.975Z
2026-09-22 17:03:30.788: [INFO] LastUsedProfileDir: C:\Users\Owner\source\repos\OakMusic\bin\Debug\net9.0-windows\OakMusic.exe.WebView2\EBWebView\Default
2026-09-22 17:03:30.788: [INFO] MostRecentlyActiveProfile: name=Profile 1 path=C:\Users\Owner\source\repos\OakMusic\bin\Debug\net9.0-windows\OakMusic.exe.WebView2\EBWebView\Default lastActive=2026-09-22T14:56:49.975Z
2026-09-22 17:03:30.788: [INFO] OnDoneLoading sync enabled: 0
2026-09-22 17:03:30.788: [INFO] BookmarkModelLoaded, ids_reassigned: 0
2026-09-22 17:03:30.788: [INFO] BookmarksLoadDropped droppedNodes=0
2026-09-22 17:03:30.788: [INFO] BookmarksSnapshot Startup total=0 bar=0 other=0 mobile=0 showBar=0 showBarNTP=1
2026-09-22 17:03:55.660: [INFO] BookmarksSnapshot Shutdown total=0 bar=0 other=0 mobile=0 showBar=0 showBarNTP=1
2026-09-22 17:05:56.042: [INFO] CurrentProfilePath: C:\Users\Owner\source\repos\OakMusic\bin\Debug\net9.0-windows\OakMusic.exe.WebView2\EBWebView\Default
2026-09-22 17:05:56.042: [INFO] Profiles total count: 1
2026-09-22 17:05:56.042: [INFO] Profile: name=Profile 1 path=C:\Users\Owner\source\repos\OakMusic\bin\Debug\net9.0-windows\OakMusic.exe.WebView2\EBWebView\Default lastActive=2026-09-22T14:56:49.975Z
2026-09-22 17:05:56.042: [INFO] LastUsedProfileDir: C:\Users\Owner\source\repos\OakMusic\bin\Debug\net9.0-windows\OakMusic.exe.WebView2\EBWebView\Default
2026-09-22 17:05:56.042: [INFO] MostRecentlyActiveProfile: name=Profile 1 path=C:\Users\Owner\source\repos\OakMusic\bin\Debug\net9.0-windows\OakMusic.exe.WebView2\EBWebView\Default lastActive=2026-09-22T14:56:49.975Z
2026-09-22 17:05:56.042: [INFO] OnDoneLoading sync enabled: 0
2026-09-22 17:05:56.042: [INFO] BookmarkModelLoaded, ids_reassigned: 0
2026-09-22 17:05:56.042: [INFO] BookmarksLoadDropped droppedNodes=0
2026-09-22 17:05:56.042: [INFO] BookmarksSnapshot Startup total=0 bar=0 other=0 mobile=0 showBar=0 showBarNTP=1
2026-09-22 17:06:15.822: [INFO] BookmarksSnapshot Shutdown total=0 bar=0 other=0 mobile=0 showBar=0 showBarNTP=1
2026-09-22 17:07:39.869: [INFO] CurrentProfilePath: C:\Users\Owner\source\repos\OakMusic\bin\Debug\net9.0-windows\OakMusic.exe.WebView2\EBWebView\Default
2026-09-22 17:07:39.869: [INFO] Profiles total count: 1
2026-09-22 17:07:39.869: [INFO] Profile: name=Profile 1 path=C:\Users\Owner\source\repos\OakMusic\bin\Debug\net9.0-windows\OakMusic.exe.WebView2\EBWebView\Default lastActive=2026-09-22T14:56:49.975Z
2026-09-22 17:07:39.869: [INFO] LastUsedProfileDir: C:\Users\Owner\source\repos\OakMusic\bin\Debug\net9.0-windows\OakMusic.exe.WebView2\EBWebView\Default
2026-09-22 17:07:39.869: [INFO] MostRecentlyActiveProfile: name=Profile 1 path=C:\Users\Owner\source\repos\OakMusic\bin\Debug\net9.0-windows\OakMusic.exe.WebView2\EBWebView\Default lastActive=2026-09-22T14:56:49.975Z
2026-09-22 17:07:39.869: [INFO] OnDoneLoading sync enabled: 0
2026-09-22 17:07:39.869: [INFO] BookmarkModelLoaded, ids_reassigned: 0
2026-09-22 17:07:39.869: [INFO] BookmarksLoadDropped droppedNodes=0
2026-09-22 17:07:39.869: [INFO] BookmarksSnapshot Startup total=0 bar=0 other=0 mobile=0 showBar=0 showBarNTP=1
2026-09-22 17:07:53.469: [INFO] BookmarksSnapshot Shutdown total=0 bar=0 other=0 mobile=0 showBar=0 showBarNTP=1
2026-09-22 17:10:54.696: [INFO] CurrentProfilePath: C:\Users\Owner\source\repos\OakMusic\bin\Debug\net9.0-windows\OakMusic.exe.WebView2\EBWebView\Default
2026-09-22 17:10:54.696: [INFO] Profiles total count: 1
2026-09-22 17:10:54.696: [INFO] Profile: name=Profile 1 path=C:\Users\Owner\source\repos\OakMusic\bin\Debug\net9.0-windows\OakMusic.exe.WebView2\EBWebView\Default lastActive=2026-09-22T14:56:49.975Z
2026-09-22 17:10:54.696: [INFO] LastUsedProfileDir: C:\Users\Owner\source\repos\OakMusic\bin\Debug\net9.0-windows\OakMusic.exe.WebView2\EBWebView\Default
2026-09-22 17:10:54.696: [INFO] MostRecentlyActiveProfile: name=Profile 1 path=C:\Users\Owner\source\repos\OakMusic\bin\Debug\net9.0-windows\OakMusic.exe.WebView2\EBWebView\Default lastActive=2026-09-22T14:56:49.975Z
2026-09-22 17:10:54.696: [INFO] OnDoneLoading sync enabled: 0
2026-09-22 17:10:54.696: [INFO] BookmarkModelLoaded, ids_reassigned: 0
2026-09-22 17:10:54.696: [INFO] BookmarksLoadDropped droppedNodes=0
2026-09-22 17:10:54.696: [INFO] BookmarksSnapshot Startup total=0 bar=0 other=0 mobile=0 showBar=0 showBarNTP=1
2026-09-22 17:24:08.552: [INFO] BookmarksSnapshot Shutdown total=0 bar=0 other=0 mobile=0 showBar=0 showBarNTP=1
2026-09-22 17:26:34.229: [INFO] CurrentProfilePath: C:\Users\Owner\source\repos\OakMusic\bin\Debug\net9.0-windows\OakMusic.exe.WebView2\EBWebView\Default
2026-09-22 17:26:34.229: [INFO] Profiles total count: 1
2026-09-22 17:26:34.229: [INFO] Profile: name=Profile 1 path=C:\Users\Owner\source\repos\OakMusic\bin\Debug\net9.0-windows\OakMusic.exe.WebView2\EBWebView\Default lastActive=2026-09-22T14:56:49.975Z
2026-09-22 17:26:34.229: [INFO] LastUsedProfileDir: C:\Users\Owner\source\repos\OakMusic\bin\Debug\net9.0-windows\OakMusic.exe.WebView2\EBWebView\Default
2026-09-22 17:26:34.229: [INFO] MostRecentlyActiveProfile: name=Profile 1 path=C:\Users\Owner\source\repos\OakMusic\bin\Debug\net9.0-windows\OakMusic.exe.WebView2\EBWebView\Default lastActive=2026-09-22T14:56:49.975Z
2026-09-22 17:26:34.229: [INFO] OnDoneLoading sync enabled: 0
2026-09-22 17:26:34.229: [INFO] BookmarkModelLoaded, ids_reassigned: 0
2026-09-22 17:26:34.229: [INFO] BookmarksLoadDropped droppedNodes=0
2026-09-22 17:26:34.229: [INFO] BookmarksSnapshot Startup total=0 bar=0 other=0 mobile=0 showBar=0 showBarNTP=1
2026-09-22 17:27:58.224: [INFO] BookmarksSnapshot Shutdown total=0 bar=0 other=0 mobile=0 showBar=0 showBarNTP=1
2026-09-22 17:28:35.765: [INFO] CurrentProfilePath: C:\Users\Owner\source\repos\OakMusic\bin\Debug\net9.0-windows\OakMusic.exe.WebView2\EBWebView\Default
2026-09-22 17:28:35.765: [INFO] Profiles total count: 1
2026-09-22 17:28:35.765: [INFO] Profile: name=Profile 1 path=C:\Users\Owner\source\repos\OakMusic\bin\Debug\net9.0-windows\OakMusic.exe.WebView2\EBWebView\Default lastActive=2026-09-22T14:56:49.975Z
2026-09-22 17:28:35.765: [INFO] LastUsedProfileDir: C:\Users\Owner\source\repos\OakMusic\bin\Debug\net9.0-windows\OakMusic.exe.WebView2\EBWebView\Default
2026-09-22 17:28:35.765: [INFO] MostRecentlyActiveProfile: name=Profile 1 path=C:\Users\Owner\source\repos\OakMusic\bin\Debug\net9.0-windows\OakMusic.exe.WebView2\EBWebView\Default lastActive=2026-09-22T14:56:49.975Z
2026-09-22 17:28:35.765: [INFO] OnDoneLoading sync enabled: 0
2026-09-22 17:28:35.765: [INFO] BookmarkModelLoaded, ids_reassigned: 0
2026-09-22 17:28:35.765: [INFO] BookmarksLoadDropped droppedNodes=0
2026-09-22 17:28:35.765: [INFO] BookmarksSnapshot Startup total=0 bar=0 other=0 mobile=0 showBar=0 showBarNTP=1
2026-09-22 17:38:47.089: [INFO] BookmarksSnapshot Shutdown total=0 bar=0 other=0 mobile=0 showBar=0 showBarNTP=1
2026-09-22 17:40:22.648: [INFO] CurrentProfilePath: C:\Users\Owner\source\repos\OakMusic\bin\Debug\net9.0-windows\OakMusic.exe.WebView2\EBWebView\Default
2026-09-22 17:40:22.648: [INFO] Profiles total count: 1
2026-09-22 17:40:22.648: [INFO] Profile: name=Profile 1 path=C:\Users\Owner\source\repos\OakMusic\bin\Debug\net9.0-windows\OakMusic.exe.WebView2\EBWebView\Default lastActive=2026-09-22T14:56:49.975Z
2026-09-22 17:40:22.648: [INFO] LastUsedProfileDir: C:\Users\Owner\source\repos\OakMusic\bin\Debug\net9.0-windows\OakMusic.exe.WebView2\EBWebView\Default
2026-09-22 17:40:22.649: [INFO] MostRecentlyActiveProfile: name=Profile 1 path=C:\Users\Owner\source\repos\OakMusic\bin\Debug\net9.0-windows\OakMusic.exe.WebView2\EBWebView\Default lastActive=2026-09-22T14:56:49.975Z
2026-09-22 17:40:22.649: [INFO] OnDoneLoading sync enabled: 0
2026-09-22 17:40:22.649: [INFO] BookmarkModelLoaded, ids_reassigned: 0
2026-09-22 17:40:22.649: [INFO] BookmarksLoadDropped droppedNodes=0
2026-09-22 17:40:22.649: [INFO] BookmarksSnapshot Startup total=0 bar=0 other=0 mobile=0 showBar=0 showBarNTP=1
2026-09-22 17:40:35.284: [INFO] BookmarksSnapshot Shutdown total=0 bar=0 other=0 mobile=0 showBar=0 showBarNTP=1
2026-09-22 17:52:00.640: [INFO] CurrentProfilePath: C:\Users\Owner\source\repos\OakMusic\bin\Debug\net9.0-windows\OakMusic.exe.WebView2\EBWebView\Default
2026-09-22 17:52:00.640: [INFO] Profiles total count: 1
2026-09-22 17:52:00.640: [INFO] Profile: name=Profile 1 path=C:\Users\Owner\source\repos\OakMusic\bin\Debug\net9.0-windows\OakMusic.exe.WebView2\EBWebView\Default lastActive=2026-09-22T14:56:49.975Z
2026-09-22 17:52:00.640: [INFO] LastUsedProfileDir: C:\Users\Owner\source\repos\OakMusic\bin\Debug\net9.0-windows\OakMusic.exe.WebView2\EBWebView\Default
2026-09-22 17:52:00.640: [INFO] MostRecentlyActiveProfile: name=Profile 1 path=C:\Users\Owner\source\repos\OakMusic\bin\Debug\net9.0-windows\OakMusic.exe.WebView2\EBWebView\Default lastActive=2026-09-22T14:56:49.975Z
2026-09-22 17:52:00.640: [INFO] OnDoneLoading sync enabled: 0
2026-09-22 17:52:00.640: [INFO] BookmarkModelLoaded, ids_reassigned: 0
2026-09-22 17:52:00.640: [INFO] BookmarksLoadDropped droppedNodes=0
2026-09-22 17:52:00.640: [INFO] BookmarksSnapshot Startup total=0 bar=0 other=0 mobile=0 showBar=0 showBarNTP=1
2026-09-22 18:07:24.612: [INFO] BookmarksSnapshot Shutdown total=0 bar=0 other=0 mobile=0 showBar=0 showBarNTP=1
2026-09-22 18:44:49.011: [INFO] CurrentProfilePath: C:\Users\Owner\source\repos\OakMusic\bin\Debug\net9.0-windows\OakMusic.exe.WebView2\EBWebView\Default
2026-09-22 18:44:49.011: [INFO] Profiles total count: 1
2026-09-22 18:44:49.012: [INFO] Profile: name=Profile 1 path=C:\Users\Owner\source\repos\OakMusic\bin\Debug\net9.0-windows\OakMusic.exe.WebView2\EBWebView\Default lastActive=2026-09-22T14:56:49.975Z
2026-09-22 18:44:49.012: [INFO] LastUsedProfileDir: C:\Users\Owner\source\repos\OakMusic\bin\Debug\net9.0-windows\OakMusic.exe.WebView2\EBWebView\Default
2026-09-22 18:44:49.012: [INFO] MostRecentlyActiveProfile: name=Profile 1 path=C:\Users\Owner\source\repos\OakMusic\bin\Debug\net9.0-windows\OakMusic.exe.WebView2\EBWebView\Default lastActive=2026-09-22T14:56:49.975Z
2026-09-22 18:44:49.012: [INFO] OnDoneLoading sync enabled: 0
2026-09-22 18:44:49.012: [INFO] BookmarkModelLoaded, ids_reassigned: 0
2026-09-22 18:44:49.012: [INFO] BookmarksLoadDropped droppedNodes=0
2026-09-22 18:44:49.012: [INFO] BookmarksSnapshot Startup total=0 bar=0 other=0 mobile=0 showBar=0 showBarNTP=1
2026-09-22 18:53:11.661: [INFO] BookmarksSnapshot Shutdown total=0 bar=0 other=0 mobile=0 showBar=0 showBarNTP=1
2026-09-22 20:47:39.772: [INFO] CurrentProfilePath: C:\Users\Owner\source\repos\OakMusic\bin\Debug\net9.0-windows\OakMusic.exe.WebView2\EBWebView\Default
2026-09-22 20:47:39.772: [INFO] Profiles total count: 1
2026-09-22 20:47:39.772: [INFO] Profile: name=Profile 1 path=C:\Users\Owner\source\repos\OakMusic\bin\Debug\net9.0-windows\OakMusic.exe.WebView2\EBWebView\Default lastActive=2026-09-22T14:56:49.975Z
2026-09-22 20:47:39.772: [INFO] LastUsedProfileDir: C:\Users\Owner\source\repos\OakMusic\bin\Debug\net9.0-windows\OakMusic.exe.WebView2\EBWebView\Default
2026-09-22 20:47:39.772: [INFO] MostRecentlyActiveProfile: name=Profile 1 path=C:\Users\Owner\source\repos\OakMusic\bin\Debug\net9.0-windows\OakMusic.exe.WebView2\EBWebView\Default lastActive=2026-09-22T14:56:49.975Z
2026-09-22 20:47:39.772: [INFO] OnDoneLoading sync enabled: 0
2026-09-22 20:47:39.772: [INFO] BookmarkModelLoaded, ids_reassigned: 0
2026-09-22 20:47:39.772: [INFO] BookmarksLoadDropped droppedNodes=0
2026-09-22 20:47:39.772: [INFO] BookmarksSnapshot Startup total=0 bar=0 other=0 mobile=0 showBar=0 showBarNTP=1
2026-09-22 20:50:05.744: [INFO] BookmarksSnapshot Shutdown total=0 bar=0 other=0 mobile=0 showBar=0 showBarNTP=1
2026-09-22 20:56:40.173: [INFO] CurrentProfilePath: C:\Users\Owner\source\repos\OakMusic\bin\Debug\net9.0-windows\OakMusic.exe.WebView2\EBWebView\Default
2026-09-22 20:56:40.173: [INFO] Profiles total count: 1
2026-09-22 20:56:40.173: [INFO] Profile: name=Profile 1 path=C:\Users\Owner\source\repos\OakMusic\bin\Debug\net9.0-windows\OakMusic.exe.WebView2\EBWebView\Default lastActive=2026-09-22T14:56:49.975Z
2026-09-22 20:56:40.173: [INFO] LastUsedProfileDir: C:\Users\Owner\source\repos\OakMusic\bin\Debug\net9.0-windows\OakMusic.exe.WebView2\EBWebView\Default
2026-09-22 20:56:40.173: [INFO] MostRecentlyActiveProfile: name=Profile 1 path=C:\Users\Owner\source\repos\OakMusic\bin\Debug\net9.0-windows\OakMusic.exe.WebView2\EBWebView\Default lastActive=2026-09-22T14:56:49.975Z
2026-09-22 20:56:40.173: [INFO] OnDoneLoading sync enabled: 0
2026-09-22 20:56:40.173: [INFO] BookmarkModelLoaded, ids_reassigned: 0
2026-09-22 20:56:40.173: [INFO] BookmarksLoadDropped droppedNodes=0
2026-09-22 20:56:40.173: [INFO] BookmarksSnapshot Startup total=0 bar=0 other=0 mobile=0 showBar=0 showBarNTP=1
2026-09-22 21:01:05.588: [INFO] BookmarksSnapshot Shutdown total=0 bar=0 other=0 mobile=0 showBar=0 showBarNTP=1
2026-09-22 21:01:13.399: [INFO] CurrentProfilePath: C:\Users\Owner\source\repos\OakMusic\bin\Debug\net9.0-windows\OakMusic.exe.WebView2\EBWebView\Default
2026-09-22 21:01:13.399: [INFO] Profiles total count: 1
2026-09-22 21:01:13.399: [INFO] Profile: name=Profile 1 path=C:\Users\Owner\source\repos\OakMusic\bin\Debug\net9.0-windows\OakMusic.exe.WebView2\EBWebView\Default lastActive=2026-09-22T14:56:49.975Z
2026-09-22 21:01:13.399: [INFO] LastUsedProfileDir: C:\Users\Owner\source\repos\OakMusic\bin\Debug\net9.0-windows\OakMusic.exe.WebView2\EBWebView\Default
2026-09-22 21:01:13.399: [INFO] MostRecentlyActiveProfile: name=Profile 1 path=C:\Users\Owner\source\repos\OakMusic\bin\Debug\net9.0-windows\OakMusic.exe.WebView2\EBWebView\Default lastActive=2026-09-22T14:56:49.975Z
2026-09-22 21:01:13.399: [INFO] OnDoneLoading sync enabled: 0
2026-09-22 21:01:13.399: [INFO] BookmarkModelLoaded, ids_reassigned: 0
2026-09-22 21:01:13.399: [INFO] BookmarksLoadDropped droppedNodes=0
2026-09-22 21:01:13.399: [INFO] BookmarksSnapshot Startup total=0 bar=0 other=0 mobile=0 showBar=0 showBarNTP=1
2026-09-22 21:14:49.476: [INFO] BookmarksSnapshot Shutdown total=0 bar=0 other=0 mobile=0 showBar=0 showBarNTP=1
2026-09-22 21:14:58.500: [INFO] CurrentProfilePath: C:\Users\Owner\source\repos\OakMusic\bin\Debug\net9.0-windows\OakMusic.exe.WebView2\EBWebView\Default
2026-09-22 21:14:58.500: [INFO] Profiles total count: 1
2026-09-22 21:14:58.500: [INFO] Profile: name=Profile 1 path=C:\Users\Owner\source\repos\OakMusic\bin\Debug\net9.0-windows\OakMusic.exe.WebView2\EBWebView\Default lastActive=2026-09-22T14:56:49.975Z
2026-09-22 21:14:58.500: [INFO] LastUsedProfileDir: C:\Users\Owner\source\repos\OakMusic\bin\Debug\net9.0-windows\OakMusic.exe.WebView2\EBWebView\Default
2026-09-22 21:14:58.500: [INFO] MostRecentlyActiveProfile: name=Profile 1 path=C:\Users\Owner\source\repos\OakMusic\bin\Debug\net9.0-windows\OakMusic.exe.WebView2\EBWebView\Default lastActive=2026-09-22T14:56:49.975Z
2026-09-22 21:14:58.500: [INFO] OnDoneLoading sync enabled: 0
2026-09-22 21:14:58.500: [INFO] BookmarkModelLoaded, ids_reassigned: 0
2026-09-22 21:14:58.500: [INFO] BookmarksLoadDropped droppedNodes=0
2026-09-22 21:14:58.500: [INFO] BookmarksSnapshot Startup total=0 bar=0 other=0 mobile=0 showBar=0 showBarNTP=1
2026-09-22 21:15:04.899: [INFO] BookmarksSnapshot Shutdown total=0 bar=0 other=0 mobile=0 showBar=0 showBarNTP=1
2026-09-22 21:24:25.700: [INFO] CurrentProfilePath: C:\Users\Owner\source\repos\OakMusic\bin\Debug\net9.0-windows\OakMusic.exe.WebView2\EBWebView\Default
2026-09-22 21:24:25.700: [INFO] Profiles total count: 1
2026-09-22 21:24:25.700: [INFO] Profile: name=Profile 1 path=C:\Users\Owner\source\repos\OakMusic\bin\Debug\net9.0-windows\OakMusic.exe.WebView2\EBWebView\Default lastActive=2026-09-22T14:56:49.975Z
2026-09-22 21:24:25.700: [INFO] LastUsedProfileDir: C:\Users\Owner\source\repos\OakMusic\bin\Debug\net9.0-windows\OakMusic.exe.WebView2\EBWebView\Default
2026-09-22 21:24:25.700: [INFO] MostRecentlyActiveProfile: name=Profile 1 path=C:\Users\Owner\source\repos\OakMusic\bin\Debug\net9.0-windows\OakMusic.exe.WebView2\EBWebView\Default lastActive=2026-09-22T14:56:49.975Z
2026-09-22 21:24:25.700: [INFO] OnDoneLoading sync enabled: 0
2026-09-22 21:24:25.700: [INFO] BookmarkModelLoaded, ids_reassigned: 0
2026-09-22 21:24:25.700: [INFO] BookmarksLoadDropped droppedNodes=0
2026-09-22 21:24:25.700: [INFO] BookmarksSnapshot Startup total=0 bar=0 other=0 mobile=0 showBar=0 showBarNTP=1
2026-09-22 21:25:09.799: [INFO] BookmarksSnapshot Shutdown total=0 bar=0 other=0 mobile=0 showBar=0 showBarNTP=1
2026-09-22 21:42:12.147: [INFO] CurrentProfilePath: C:\Users\Owner\source\repos\OakMusic\bin\Debug\net9.0-windows\OakMusic.exe.WebView2\EBWebView\Default
2026-09-22 21:42:12.147: [INFO] Profiles total count: 1
2026-09-22 21:42:12.147: [INFO] Profile: name=Profile 1 path=C:\Users\Owner\source\repos\OakMusic\bin\Debug\net9.0-windows\OakMusic.exe.WebView2\EBWebView\Default lastActive=2026-09-22T14:56:49.975Z
2026-09-22 21:42:12.147: [INFO] LastUsedProfileDir: C:\Users\Owner\source\repos\OakMusic\bin\Debug\net9.0-windows\OakMusic.exe.WebView2\EBWebView\Default
2026-09-22 21:42:12.147: [INFO] MostRecentlyActiveProfile: name=Profile 1 path=C:\Users\Owner\source\repos\OakMusic\bin\Debug\net9.0-windows\OakMusic.exe.WebView2\EBWebView\Default lastActive=2026-09-22T14:56:49.975Z
2026-09-22 21:42:12.147: [INFO] OnDoneLoading sync enabled: 0
2026-09-22 21:42:12.147: [INFO] BookmarkModelLoaded, ids_reassigned: 0
2026-09-22 21:42:12.147: [INFO] BookmarksLoadDropped droppedNodes=0
2026-09-22 21:42:12.147: [INFO] BookmarksSnapshot Startup total=0 bar=0 other=0 mobile=0 showBar=0 showBarNTP=1
2026-09-22 22:16:31.125: [INFO] BookmarksSnapshot Shutdown total=0 bar=0 other=0 mobile=0 showBar=0 showBarNTP=1
2026-09-22 22:17:09.028: [INFO] CurrentProfilePath: C:\Users\Owner\source\repos\OakMusic\bin\Debug\net9.0-windows\OakMusic.exe.WebView2\EBWebView\Default
2026-09-22 22:17:09.028: [INFO] Profiles total count: 1
2026-09-22 22:17:09.028: [INFO] Profile: name=Profile 1 path=C:\Users\Owner\source\repos\OakMusic\bin\Debug\net9.0-windows\OakMusic.exe.WebView2\EBWebView\Default lastActive=2026-09-22T22:12:31.114Z
2026-09-22 22:17:09.028: [INFO] LastUsedProfileDir: C:\Users\Owner\source\repos\OakMusic\bin\Debug\net9.0-windows\OakMusic.exe.WebView2\EBWebView\Default
2026-09-22 22:17:09.028: [INFO] MostRecentlyActiveProfile: name=Profile 1 path=C:\Users\Owner\source\repos\OakMusic\bin\Debug\net9.0-windows\OakMusic.exe.WebView2\EBWebView\Default lastActive=2026-09-22T22:12:31.114Z
2026-09-22 22:17:09.028: [INFO] OnDoneLoading sync enabled: 0
2026-09-22 22:17:09.028: [INFO] BookmarkModelLoaded, ids_reassigned: 0
2026-09-22 22:17:09.028: [INFO] BookmarksLoadDropped droppedNodes=0
2026-09-22 22:17:09.028: [INFO] BookmarksSnapshot Startup total=0 bar=0 other=0 mobile=0 showBar=0 showBarNTP=1
2026-09-22 22:17:20.711: [INFO] BookmarksSnapshot Shutdown total=0 bar=0 other=0 mobile=0 showBar=0 showBarNTP=1
2026-09-22 22:18:10.066: [INFO] CurrentProfilePath: C:\Users\Owner\source\repos\OakMusic\bin\Debug\net9.0-windows\OakMusic.exe.WebView2\EBWebView\Default
2026-09-22 22:18:10.066: [INFO] Profiles total count: 1
2026-09-22 22:18:10.066: [INFO] Profile: name=Profile 1 path=C:\Users\Owner\source\repos\OakMusic\bin\Debug\net9.0-windows\OakMusic.exe.WebView2\EBWebView\Default lastActive=2026-09-22T22:12:31.114Z
2026-09-22 22:18:10.066: [INFO] LastUsedProfileDir: C:\Users\Owner\source\repos\OakMusic\bin\Debug\net9.0-windows\OakMusic.exe.WebView2\EBWebView\Default
2026-09-22 22:18:10.066: [INFO] MostRecentlyActiveProfile: name=Profile 1 path=C:\Users\Owner\source\repos\OakMusic\bin\Debug\net9.0-windows\OakMusic.exe.WebView2\EBWebView\Default lastActive=2026-09-22T22:12:31.114Z
2026-09-22 22:18:10.066: [INFO] OnDoneLoading sync enabled: 0
2026-09-22 22:18:10.066: [INFO] BookmarkModelLoaded, ids_reassigned: 0
2026-09-22 22:18:10.066: [INFO] BookmarksLoadDropped droppedNodes=0
2026-09-22 22:18:10.066: [INFO] BookmarksSnapshot Startup total=0 bar=0 other=0 mobile=0 showBar=0 showBarNTP=1
2026-09-22 22:28:56.977: [INFO] BookmarksSnapshot Shutdown total=0 bar=0 other=0 mobile=0 showBar=0 showBarNTP=1
2026-09-22 22:29:05.836: [INFO] CurrentProfilePath: C:\Users\Owner\source\repos\OakMusic\bin\Debug\net9.0-windows\OakMusic.exe.WebView2\EBWebView\Default
2026-09-22 22:29:05.836: [INFO] Profiles total count: 1
2026-09-22 22:29:05.836: [INFO] Profile: name=Profile 1 path=C:\Users\Owner\source\repos\OakMusic\bin\Debug\net9.0-windows\OakMusic.exe.WebView2\EBWebView\Default lastActive=2026-09-22T22:12:31.114Z
2026-09-22 22:29:05.836: [INFO] LastUsedProfileDir: C:\Users\Owner\source\repos\OakMusic\bin\Debug\net9.0-windows\OakMusic.exe.WebView2\EBWebView\Default
2026-09-22 22:29:05.836: [INFO] MostRecentlyActiveProfile: name=Profile 1 path=C:\Users\Owner\source\repos\OakMusic\bin\Debug\net9.0-windows\OakMusic.exe.WebView2\EBWebView\Default lastActive=2026-09-22T22:12:31.114Z
2026-09-22 22:29:05.836: [INFO] OnDoneLoading sync enabled: 0
2026-09-22 22:29:05.836: [INFO] BookmarkModelLoaded, ids_reassigned: 0
2026-09-22 22:29:05.836: [INFO] BookmarksLoadDropped droppedNodes=0
2026-09-22 22:29:05.836: [INFO] BookmarksSnapshot Startup total=0 bar=0 other=0 mobile=0 showBar=0 showBarNTP=1
2026-09-22 22:33:30.998: [INFO] BookmarksSnapshot Shutdown total=0 bar=0 other=0 mobile=0 showBar=0 showBarNTP=1
2026-09-22 22:34:52.334: [INFO] CurrentProfilePath: C:\Users\Owner\source\repos\OakMusic\bin\Debug\net9.0-windows\OakMusic.exe.WebView2\EBWebView\Default
2026-09-22 22:34:52.334: [INFO] Profiles total count: 1
2026-09-22 22:34:52.334: [INFO] Profile: name=Profile 1 path=C:\Users\Owner\source\repos\OakMusic\bin\Debug\net9.0-windows\OakMusic.exe.WebView2\EBWebView\Default lastActive=2026-09-22T22:12:31.114Z
2026-09-22 22:34:52.334: [INFO] LastUsedProfileDir: C:\Users\Owner\source\repos\OakMusic\bin\Debug\net9.0-windows\OakMusic.exe.WebView2\EBWebView\Default
2026-09-22 22:34:52.334: [INFO] MostRecentlyActiveProfile: name=Profile 1 path=C:\Users\Owner\source\repos\OakMusic\bin\Debug\net9.0-windows\OakMusic.exe.WebView2\EBWebView\Default lastActive=2026-09-22T22:12:31.114Z
2026-09-22 22:34:52.334: [INFO] OnDoneLoading sync enabled: 0
2026-09-22 22:34:52.334: [INFO] BookmarkModelLoaded, ids_reassigned: 0
2026-09-22 22:34:52.334: [INFO] BookmarksLoadDropped droppedNodes=0
2026-09-22 22:34:52.334: [INFO] BookmarksSnapshot Startup total=0 bar=0 other=0 mobile=0 showBar=0 showBarNTP=1
2026-09-22 22:35:15.439: [INFO] BookmarksSnapshot Shutdown total=0 bar=0 other=0 mobile=0 showBar=0 showBarNTP=1
2026-09-22 22:35:19.461: [INFO] CurrentProfilePath: C:\Users\Owner\source\repos\OakMusic\bin\Debug\net9.0-windows\OakMusic.exe.WebView2\EBWebView\Default
2026-09-22 22:35:19.461: [INFO] Profiles total count: 1
2026-09-22 22:35:19.461: [INFO] Profile: name=Profile 1 path=C:\Users\Owner\source\repos\OakMusic\bin\Debug\net9.0-windows\OakMusic.exe.WebView2\EBWebView\Default lastActive=2026-09-22T22:12:31.114Z
2026-09-22 22:35:19.461: [INFO] LastUsedProfileDir: C:\Users\Owner\source\repos\OakMusic\bin\Debug\net9.0-windows\OakMusic.exe.WebView2\EBWebView\Default
2026-09-22 22:35:19.461: [INFO] MostRecentlyActiveProfile: name=Profile 1 path=C:\Users\Owner\source\repos\OakMusic\bin\Debug\net9.0-windows\OakMusic.exe.WebView2\EBWebView\Default lastActive=2026-09-22T22:12:31.114Z
2026-09-22 22:35:19.461: [INFO] OnDoneLoading sync enabled: 0
2026-09-22 22:35:19.461: [INFO] BookmarkModelLoaded, ids_reassigned: 0
2026-09-22 22:35:19.461: [INFO] BookmarksLoadDropped droppedNodes=0
2026-09-22 22:35:19.461: [INFO] BookmarksSnapshot Startup total=0 bar=0 other=0 mobile=0 showBar=0 showBarNTP=1
2026-09-22 22:36:14.595: [INFO] BookmarksSnapshot Shutdown total=0 bar=0 other=0 mobile=0 showBar=0 showBarNTP=1
2026-09-22 23:27:28.177: [INFO] CurrentProfilePath: C:\Users\Owner\source\repos\OakMusic\bin\Debug\net9.0-windows\OakMusic.exe.WebView2\EBWebView\Default
2026-09-22 23:27:28.177: [INFO] Profiles total count: 1
2026-09-22 23:27:28.177: [INFO] Profile: name=Profile 1 path=C:\Users\Owner\source\repos\OakMusic\bin\Debug\net9.0-windows\OakMusic.exe.WebView2\EBWebView\Default lastActive=2026-09-22T22:12:31.114Z
2026-09-22 23:27:28.177: [INFO] LastUsedProfileDir: C:\Users\Owner\source\repos\OakMusic\bin\Debug\net9.0-windows\OakMusic.exe.WebView2\EBWebView\Default
2026-09-22 23:27:28.177: [INFO] MostRecentlyActiveProfile: name=Profile 1 path=C:\Users\Owner\source\repos\OakMusic\bin\Debug\net9.0-windows\OakMusic.exe.WebView2\EBWebView\Default lastActive=2026-09-22T22:12:31.114Z
2026-09-22 23:27:28.177: [INFO] OnDoneLoading sync enabled: 0
2026-09-22 23:27:28.178: [INFO] BookmarkModelLoaded, ids_reassigned: 0
2026-09-22 23:27:28.178: [INFO] BookmarksLoadDropped droppedNodes=0
2026-09-22 23:27:28.178: [INFO] BookmarksSnapshot Startup total=0 bar=0 other=0 mobile=0 showBar=0 showBarNTP=1
2026-09-22 23:27:43.325: [INFO] BookmarksSnapshot Shutdown total=0 bar=0 other=0 mobile=0 showBar=0 showBarNTP=1
2026-09-22 23:27:47.287: [INFO] CurrentProfilePath: C:\Users\Owner\source\repos\OakMusic\bin\Debug\net9.0-windows\OakMusic.exe.WebView2\EBWebView\Default
2026-09-22 23:27:47.287: [INFO] Profiles total count: 1
2026-09-22 23:27:47.287: [INFO] Profile: name=Profile 1 path=C:\Users\Owner\source\repos\OakMusic\bin\Debug\net9.0-windows\OakMusic.exe.WebView2\EBWebView\Default lastActive=2026-09-22T22:12:31.114Z
2026-09-22 23:27:47.287: [INFO] LastUsedProfileDir: C:\Users\Owner\source\repos\OakMusic\bin\Debug\net9.0-windows\OakMusic.exe.WebView2\EBWebView\Default
2026-09-22 23:27:47.287: [INFO] MostRecentlyActiveProfile: name=Profile 1 path=C:\Users\Owner\source\repos\OakMusic\bin\Debug\net9.0-windows\OakMusic.exe.WebView2\EBWebView\Default lastActive=2026-09-22T22:12:31.114Z
2026-09-22 23:27:47.287: [INFO] OnDoneLoading sync enabled: 0
2026-09-22 23:27:47.287: [INFO] BookmarkModelLoaded, ids_reassigned: 0
2026-09-22 23:27:47.287: [INFO] BookmarksLoadDropped droppedNodes=0
2026-09-22 23:27:47.287: [INFO] BookmarksSnapshot Startup total=0 bar=0 other=0 mobile=0 showBar=0 showBarNTP=1
2026-09-22 23:33:12.136: [INFO] BookmarksSnapshot Shutdown total=0 bar=0 other=0 mobile=0 showBar=0 showBarNTP=1
2026-09-22 23:33:49.734: [INFO] CurrentProfilePath: C:\Users\Owner\source\repos\OakMusic\bin\Debug\net9.0-windows\OakMusic.exe.WebView2\EBWebView\Default
2026-09-22 23:33:49.734: [INFO] Profiles total count: 1
2026-09-22 23:33:49.734: [INFO] Profile: name=Profile 1 path=C:\Users\Owner\source\repos\OakMusic\bin\Debug\net9.0-windows\OakMusic.exe.WebView2\EBWebView\Default lastActive=2026-09-22T22:12:31.114Z
2026-09-22 23:33:49.734: [INFO] LastUsedProfileDir: C:\Users\Owner\source\repos\OakMusic\bin\Debug\net9.0-windows\OakMusic.exe.WebView2\EBWebView\Default
2026-09-22 23:33:49.734: [INFO] MostRecentlyActiveProfile: name=Profile 1 path=C:\Users\Owner\source\repos\OakMusic\bin\Debug\net9.0-windows\OakMusic.exe.WebView2\EBWebView\Default lastActive=2026-09-22T22:12:31.114Z
2026-09-22 23:33:49.734: [INFO] OnDoneLoading sync enabled: 0
2026-09-22 23:33:49.734: [INFO] BookmarkModelLoaded, ids_reassigned: 0
2026-09-22 23:33:49.734: [INFO] BookmarksLoadDropped droppedNodes=0
2026-09-22 23:33:49.734: [INFO] BookmarksSnapshot Startup total=0 bar=0 other=0 mobile=0 showBar=0 showBarNTP=1
2026-09-22 23:38:29.247: [INFO] BookmarksSnapshot Shutdown total=0 bar=0 other=0 mobile=0 showBar=0 showBarNTP=1
2026-09-22 23:38:47.732: [INFO] CurrentProfilePath: C:\Users\Owner\source\repos\OakMusic\bin\Debug\net9.0-windows\OakMusic.exe.WebView2\EBWebView\Default
2026-09-22 23:38:47.732: [INFO] Profiles total count: 1
2026-09-22 23:38:47.732: [INFO] Profile: name=Profile 1 path=C:\Users\Owner\source\repos\OakMusic\bin\Debug\net9.0-windows\OakMusic.exe.WebView2\EBWebView\Default lastActive=2026-09-22T22:12:31.114Z
2026-09-22 23:38:47.732: [INFO] LastUsedProfileDir: C:\Users\Owner\source\repos\OakMusic\bin\Debug\net9.0-windows\OakMusic.exe.WebView2\EBWebView\Default
2026-09-22 23:38:47.732: [INFO] MostRecentlyActiveProfile: name=Profile 1 path=C:\Users\Owner\source\repos\OakMusic\bin\Debug\net9.0-windows\OakMusic.exe.WebView2\EBWebView\Default lastActive=2026-09-22T22:12:31.114Z
2026-09-22 23:38:47.732: [INFO] OnDoneLoading sync enabled: 0
2026-09-22 23:38:47.732: [INFO] BookmarkModelLoaded, ids_reassigned: 0
2026-09-22 23:38:47.732: [INFO] BookmarksLoadDropped droppedNodes=0
2026-09-22 23:38:47.732: [INFO] BookmarksSnapshot Startup total=0 bar=0 other=0 mobile=0 showBar=0 showBarNTP=1
2026-09-22 23:40:24.569: [INFO] BookmarksSnapshot Shutdown total=0 bar=0 other=0 mobile=0 showBar=0 showBarNTP=1
2026-09-22 23:41:11.472: [INFO] CurrentProfilePath: C:\Users\Owner\source\repos\OakMusic\bin\Debug\net9.0-windows\OakMusic.exe.WebView2\EBWebView\Default
2026-09-22 23:41:11.472: [INFO] Profiles total count: 1
2026-09-22 23:41:11.472: [INFO] Profile: name=Profile 1 path=C:\Users\Owner\source\repos\OakMusic\bin\Debug\net9.0-windows\OakMusic.exe.WebView2\EBWebView\Default lastActive=2026-09-22T22:12:31.114Z
2026-09-22 23:41:11.472: [INFO] LastUsedProfileDir: C:\Users\Owner\source\repos\OakMusic\bin\Debug\net9.0-windows\OakMusic.exe.WebView2\EBWebView\Default
2026-09-22 23:41:11.472: [INFO] MostRecentlyActiveProfile: name=Profile 1 path=C:\Users\Owner\source\repos\OakMusic\bin\Debug\net9.0-windows\OakMusic.exe.WebView2\EBWebView\Default lastActive=2026-09-22T22:12:31.114Z
2026-09-22 23:41:11.472: [INFO] OnDoneLoading sync enabled: 0
2026-09-22 23:41:11.472: [INFO] BookmarkModelLoaded, ids_reassigned: 0
2026-09-22 23:41:11.472: [INFO] BookmarksLoadDropped droppedNodes=0
2026-09-22 23:41:11.472: [INFO] BookmarksSnapshot Startup total=0 bar=0 other=0 mobile=0 showBar=0 showBarNTP=1
2026-09-22 23:47:32.723: [INFO] BookmarksSnapshot Shutdown total=0 bar=0 other=0 mobile=0 showBar=0 showBarNTP=1
2026-09-23 16:33:56.868: [INFO] CurrentProfilePath: C:\Users\Owner\source\repos\OakMusic\bin\Debug\net9.0-windows\OakMusic.exe.WebView2\EBWebView\Default
2026-09-23 16:33:56.868: [INFO] Profiles total count: 1
2026-09-23 16:33:56.869: [INFO] Profile: name=Profile 1 path=C:\Users\Owner\source\repos\OakMusic\bin\Debug\net9.0-windows\OakMusic.exe.WebView2\EBWebView\Default lastActive=2026-09-22T22:12:31.114Z
2026-09-23 16:33:56.869: [INFO] LastUsedProfileDir: C:\Users\Owner\source\repos\OakMusic\bin\Debug\net9.0-windows\OakMusic.exe.WebView2\EBWebView\Default
2026-09-23 16:33:56.869: [INFO] MostRecentlyActiveProfile: name=Profile 1 path=C:\Users\Owner\source\repos\OakMusic\bin\Debug\net9.0-windows\OakMusic.exe.WebView2\EBWebView\Default lastActive=2026-09-22T22:12:31.114Z
2026-09-23 16:33:56.869: [INFO] OnDoneLoading sync enabled: 0
2026-09-23 16:33:56.869: [INFO] BookmarkModelLoaded, ids_reassigned: 0
2026-09-23 16:33:56.869: [INFO] BookmarksLoadDropped droppedNodes=0
2026-09-23 16:33:56.869: [INFO] BookmarksSnapshot Startup total=0 bar=0 other=0 mobile=0 showBar=0 showBarNTP=1
2026-09-23 16:36:16.933: [INFO] BookmarksSnapshot Shutdown total=0 bar=0 other=0 mobile=0 showBar=0 showBarNTP=1
2026-09-23 17:14:20.143: [INFO] CurrentProfilePath: C:\Users\Owner\source\repos\OakMusic\bin\Debug\net9.0-windows\OakMusic.exe.WebView2\EBWebView\Default
2026-09-23 17:14:20.143: [INFO] Profiles total count: 1
2026-09-23 17:14:20.144: [INFO] Profile: name=Profile 1 path=C:\Users\Owner\source\repos\OakMusic\bin\Debug\net9.0-windows\OakMusic.exe.WebView2\EBWebView\Default lastActive=2026-09-22T22:12:31.114Z
2026-09-23 17:14:20.144: [INFO] LastUsedProfileDir: C:\Users\Owner\source\repos\OakMusic\bin\Debug\net9.0-windows\OakMusic.exe.WebView2\EBWebView\Default
2026-09-23 17:14:20.144: [INFO] MostRecentlyActiveProfile: name=Profile 1 path=C:\Users\Owner\source\repos\OakMusic\bin\Debug\net9.0-windows\OakMusic.exe.WebView2\EBWebView\Default lastActive=2026-09-22T22:12:31.114Z
2026-09-23 17:14:20.144: [INFO] OnDoneLoading sync enabled: 0
2026-09-23 17:14:20.144: [INFO] BookmarkModelLoaded, ids_reassigned: 0
2026-09-23 17:14:20.144: [INFO] BookmarksLoadDropped droppedNodes=0
2026-09-23 17:14:20.144: [INFO] BookmarksSnapshot Startup total=0 bar=0 other=0 mobile=0 showBar=0 showBarNTP=1
2026-09-23 17:16:43.441: [INFO] BookmarksSnapshot Shutdown total=0 bar=0 other=0 mobile=0 showBar=0 showBarNTP=1
2026-09-23 17:45:14.440: [INFO] CurrentProfilePath: C:\Users\Owner\source\repos\OakMusic\bin\Debug\net9.0-windows\OakMusic.exe.WebView2\EBWebView\Default
2026-09-23 17:45:14.440: [INFO] Profiles total count: 1
2026-09-23 17:45:14.440: [INFO] Profile: name=Profile 1 path=C:\Users\Owner\source\repos\OakMusic\bin\Debug\net9.0-windows\OakMusic.exe.WebView2\EBWebView\Default lastActive=2026-09-22T22:12:31.114Z
2026-09-23 17:45:14.440: [INFO] LastUsedProfileDir: C:\Users\Owner\source\repos\OakMusic\bin\Debug\net9.0-windows\OakMusic.exe.WebView2\EBWebView\Default
2026-09-23 17:45:14.440: [INFO] MostRecentlyActiveProfile: name=Profile 1 path=C:\Users\Owner\source\repos\OakMusic\bin\Debug\net9.0-windows\OakMusic.exe.WebView2\EBWebView\Default lastActive=2026-09-22T22:12:31.114Z
2026-09-23 17:45:14.440: [INFO] OnDoneLoading sync enabled: 0
2026-09-23 17:45:14.440: [INFO] BookmarkModelLoaded, ids_reassigned: 0
2026-09-23 17:45:14.440: [INFO] BookmarksLoadDropped droppedNodes=0
2026-09-23 17:45:14.440: [INFO] BookmarksSnapshot Startup total=0 bar=0 other=0 mobile=0 showBar=0 showBarNTP=1
2026-09-23 17:45:52.023: [INFO] BookmarksSnapshot Shutdown total=0 bar=0 other=0 mobile=0 showBar=0 showBarNTP=1
2026-09-23 17:48:51.466: [INFO] CurrentProfilePath: C:\Users\Owner\source\repos\OakMusic\bin\Debug\net9.0-windows\OakMusic.exe.WebView2\EBWebView\Default
2026-09-23 17:48:51.466: [INFO] Profiles total count: 1
2026-09-23 17:48:51.466: [INFO] Profile: name=Profile 1 path=C:\Users\Owner\source\repos\OakMusic\bin\Debug\net9.0-windows\OakMusic.exe.WebView2\EBWebView\Default lastActive=2026-09-22T22:12:31.114Z
2026-09-23 17:48:51.466: [INFO] LastUsedProfileDir: C:\Users\Owner\source\repos\OakMusic\bin\Debug\net9.0-windows\OakMusic.exe.WebView2\EBWebView\Default
2026-09-23 17:48:51.466: [INFO] MostRecentlyActiveProfile: name=Profile 1 path=C:\Users\Owner\source\repos\OakMusic\bin\Debug\net9.0-windows\OakMusic.exe.WebView2\EBWebView\Default lastActive=2026-09-22T22:12:31.114Z
2026-09-23 17:48:51.466: [INFO] OnDoneLoading sync enabled: 0
2026-09-23 17:48:51.466: [INFO] BookmarkModelLoaded, ids_reassigned: 0
2026-09-23 17:48:51.466: [INFO] BookmarksLoadDropped droppedNodes=0
2026-09-23 17:48:51.466: [INFO] BookmarksSnapshot Startup total=0 bar=0 other=0 mobile=0 showBar=0 showBarNTP=1
2026-09-23 17:53:49.599: [INFO] BookmarksSnapshot Shutdown total=0 bar=0 other=0 mobile=0 showBar=0 showBarNTP=1
2026-09-23 18:00:04.652: [INFO] CurrentProfilePath: C:\Users\Owner\source\repos\OakMusic\bin\Debug\net9.0-windows\OakMusic.exe.WebView2\EBWebView\Default
2026-09-23 18:00:04.652: [INFO] Profiles total count: 1
2026-09-23 18:00:04.652: [INFO] Profile: name=Profile 1 path=C:\Users\Owner\source\repos\OakMusic\bin\Debug\net9.0-windows\OakMusic.exe.WebView2\EBWebView\Default lastActive=2026-09-22T22:12:31.114Z
2026-09-23 18:00:04.652: [INFO] LastUsedProfileDir: C:\Users\Owner\source\repos\OakMusic\bin\Debug\net9.0-windows\OakMusic.exe.WebView2\EBWebView\Default
2026-09-23 18:00:04.652: [INFO] MostRecentlyActiveProfile: name=Profile 1 path=C:\Users\Owner\source\repos\OakMusic\bin\Debug\net9.0-windows\OakMusic.exe.WebView2\EBWebView\Default lastActive=2026-09-22T22:12:31.114Z
2026-09-23 18:00:04.652: [INFO] OnDoneLoading sync enabled: 0
2026-09-23 18:00:04.652: [INFO] BookmarkModelLoaded, ids_reassigned: 0
2026-09-23 18:00:04.652: [INFO] BookmarksLoadDropped droppedNodes=0
2026-09-23 18:00:04.652: [INFO] BookmarksSnapshot Startup total=0 bar=0 other=0 mobile=0 showBar=0 showBarNTP=1
2026-09-23 18:00:27.609: [INFO] BookmarksSnapshot Shutdown total=0 bar=0 other=0 mobile=0 showBar=0 showBarNTP=1
2026-09-23 18:06:55.263: [INFO] CurrentProfilePath: C:\Users\Owner\source\repos\OakMusic\bin\Debug\net9.0-windows\OakMusic.exe.WebView2\EBWebView\Default
2026-09-23 18:06:55.263: [INFO] Profiles total count: 1
2026-09-23 18:06:55.263: [INFO] Profile: name=Profile 1 path=C:\Users\Owner\source\repos\OakMusic\bin\Debug\net9.0-windows\OakMusic.exe.WebView2\EBWebView\Default lastActive=2026-09-22T22:12:31.114Z
2026-09-23 18:06:55.263: [INFO] LastUsedProfileDir: C:\Users\Owner\source\repos\OakMusic\bin\Debug\net9.0-windows\OakMusic.exe.WebView2\EBWebView\Default
2026-09-23 18:06:55.263: [INFO] MostRecentlyActiveProfile: name=Profile 1 path=C:\Users\Owner\source\repos\OakMusic\bin\Debug\net9.0-windows\OakMusic.exe.WebView2\EBWebView\Default lastActive=2026-09-22T22:12:31.114Z
2026-09-23 18:06:55.263: [INFO] OnDoneLoading sync enabled: 0
2026-09-23 18:06:55.263: [INFO] BookmarkModelLoaded, ids_reassigned: 0
2026-09-23 18:06:55.263: [INFO] BookmarksLoadDropped droppedNodes=0
2026-09-23 18:06:55.263: [INFO] BookmarksSnapshot Startup total=0 bar=0 other=0 mobile=0 showBar=0 showBarNTP=1
2026-09-23 18:07:07.010: [INFO] BookmarksSnapshot Shutdown total=0 bar=0 other=0 mobile=0 showBar=0 showBarNTP=1
2026-09-23 18:08:14.599: [INFO] CurrentProfilePath: C:\Users\Owner\source\repos\OakMusic\bin\Debug\net9.0-windows\OakMusic.exe.WebView2\EBWebView\Default
2026-09-23 18:08:14.599: [INFO] Profiles total count: 1
2026-09-23 18:08:14.599: [INFO] Profile: name=Profile 1 path=C:\Users\Owner\source\repos\OakMusic\bin\Debug\net9.0-windows\OakMusic.exe.WebView2\EBWebView\Default lastActive=2026-09-22T22:12:31.114Z
2026-09-23 18:08:14.599: [INFO] LastUsedProfileDir: C:\Users\Owner\source\repos\OakMusic\bin\Debug\net9.0-windows\OakMusic.exe.WebView2\EBWebView\Default
2026-09-23 18:08:14.599: [INFO] MostRecentlyActiveProfile: name=Profile 1 path=C:\Users\Owner\source\repos\OakMusic\bin\Debug\net9.0-windows\OakMusic.exe.WebView2\EBWebView\Default lastActive=2026-09-22T22:12:31.114Z
2026-09-23 18:08:14.599: [INFO] OnDoneLoading sync enabled: 0
2026-09-23 18:08:14.599: [INFO] BookmarkModelLoaded, ids_reassigned: 0
2026-09-23 18:08:14.599: [INFO] BookmarksLoadDropped droppedNodes=0
2026-09-23 18:08:14.599: [INFO] BookmarksSnapshot Startup total=0 bar=0 other=0 mobile=0 showBar=0 showBarNTP=1
2026-09-23 18:09:58.832: [INFO] BookmarksSnapshot Shutdown total=0 bar=0 other=0 mobile=0 showBar=0 showBarNTP=1
2026-09-23 18:10:03.773: [INFO] CurrentProfilePath: C:\Users\Owner\source\repos\OakMusic\bin\Debug\net9.0-windows\OakMusic.exe.WebView2\EBWebView\Default
2026-09-23 18:10:03.773: [INFO] Profiles total count: 1
2026-09-23 18:10:03.773: [INFO] Profile: name=Profile 1 path=C:\Users\Owner\source\repos\OakMusic\bin\Debug\net9.0-windows\OakMusic.exe.WebView2\EBWebView\Default lastActive=2026-09-22T22:12:31.114Z
2026-09-23 18:10:03.773: [INFO] LastUsedProfileDir: C:\Users\Owner\source\repos\OakMusic\bin\Debug\net9.0-windows\OakMusic.exe.WebView2\EBWebView\Default
2026-09-23 18:10:03.773: [INFO] MostRecentlyActiveProfile: name=Profile 1 path=C:\Users\Owner\source\repos\OakMusic\bin\Debug\net9.0-windows\OakMusic.exe.WebView2\EBWebView\Default lastActive=2026-09-22T22:12:31.114Z
2026-09-23 18:10:03.773: [INFO] OnDoneLoading sync enabled: 0
2026-09-23 18:10:03.773: [INFO] BookmarkModelLoaded, ids_reassigned: 0
2026-09-23 18:10:03.773: [INFO] BookmarksLoadDropped droppedNodes=0
2026-09-23 18:10:03.773: [INFO] BookmarksSnapshot Startup total=0 bar=0 other=0 mobile=0 showBar=0 showBarNTP=1
2026-09-23 18:10:21.784: [INFO] BookmarksSnapshot Shutdown total=0 bar=0 other=0 mobile=0 showBar=0 showBarNTP=1
2026-09-23 18:11:52.178: [INFO] CurrentProfilePath: C:\Users\Owner\source\repos\OakMusic\bin\Debug\net9.0-windows\OakMusic.exe.WebView2\EBWebView\Default
2026-09-23 18:11:52.178: [INFO] Profiles total count: 1
2026-09-23 18:11:52.179: [INFO] Profile: name=Profile 1 path=C:\Users\Owner\source\repos\OakMusic\bin\Debug\net9.0-windows\OakMusic.exe.WebView2\EBWebView\Default lastActive=2026-09-22T22:12:31.114Z
2026-09-23 18:11:52.179: [INFO] LastUsedProfileDir: C:\Users\Owner\source\repos\OakMusic\bin\Debug\net9.0-windows\OakMusic.exe.WebView2\EBWebView\Default
2026-09-23 18:11:52.179: [INFO] MostRecentlyActiveProfile: name=Profile 1 path=C:\Users\Owner\source\repos\OakMusic\bin\Debug\net9.0-windows\OakMusic.exe.WebView2\EBWebView\Default lastActive=2026-09-22T22:12:31.114Z
2026-09-23 18:11:52.179: [INFO] OnDoneLoading sync enabled: 0
2026-09-23 18:11:52.179: [INFO] BookmarkModelLoaded, ids_reassigned: 0
2026-09-23 18:11:52.179: [INFO] BookmarksLoadDropped droppedNodes=0
2026-09-23 18:11:52.179: [INFO] BookmarksSnapshot Startup total=0 bar=0 other=0 mobile=0 showBar=0 showBarNTP=1
2026-09-23 18:12:50.094: [INFO] BookmarksSnapshot Shutdown total=0 bar=0 other=0 mobile=0 showBar=0 showBarNTP=1
2026-09-23 18:14:11.973: [INFO] CurrentProfilePath: C:\Users\Owner\source\repos\OakMusic\bin\Debug\net9.0-windows\OakMusic.exe.WebView2\EBWebView\Default
2026-09-23 18:14:11.973: [INFO] Profiles total count: 1
2026-09-23 18:14:11.973: [INFO] Profile: name=Profile 1 path=C:\Users\Owner\source\repos\OakMusic\bin\Debug\net9.0-windows\OakMusic.exe.WebView2\EBWebView\Default lastActive=2026-09-22T22:12:31.114Z
2026-09-23 18:14:11.973: [INFO] LastUsedProfileDir: C:\Users\Owner\source\repos\OakMusic\bin\Debug\net9.0-windows\OakMusic.exe.WebView2\EBWebView\Default
2026-09-23 18:14:11.973: [INFO] MostRecentlyActiveProfile: name=Profile 1 path=C:\Users\Owner\source\repos\OakMusic\bin\Debug\net9.0-windows\OakMusic.exe.WebView2\EBWebView\Default lastActive=2026-09-22T22:12:31.114Z
2026-09-23 18:14:11.973: [INFO] OnDoneLoading sync enabled: 0
2026-09-23 18:14:11.973: [INFO] BookmarkModelLoaded, ids_reassigned: 0
2026-09-23 18:14:11.973: [INFO] BookmarksLoadDropped droppedNodes=0
2026-09-23 18:14:11.973: [INFO] BookmarksSnapshot Startup total=0 bar=0 other=0 mobile=0 showBar=0 showBarNTP=1
2026-09-23 18:17:52.115: [INFO] BookmarksSnapshot Shutdown total=0 bar=0 other=0 mobile=0 showBar=0 showBarNTP=1
2026-09-23 18:17:56.233: [INFO] CurrentProfilePath: C:\Users\Owner\source\repos\OakMusic\bin\Debug\net9.0-windows\OakMusic.exe.WebView2\EBWebView\Default
2026-09-23 18:17:56.233: [INFO] Profiles total count: 1
2026-09-23 18:17:56.233: [INFO] Profile: name=Profile 1 path=C:\Users\Owner\source\repos\OakMusic\bin\Debug\net9.0-windows\OakMusic.exe.WebView2\EBWebView\Default lastActive=2026-09-22T22:12:31.114Z
2026-09-23 18:17:56.233: [INFO] LastUsedProfileDir: C:\Users\Owner\source\repos\OakMusic\bin\Debug\net9.0-windows\OakMusic.exe.WebView2\EBWebView\Default
2026-09-23 18:17:56.233: [INFO] MostRecentlyActiveProfile: name=Profile 1 path=C:\Users\Owner\source\repos\OakMusic\bin\Debug\net9.0-windows\OakMusic.exe.WebView2\EBWebView\Default lastActive=2026-09-22T22:12:31.114Z
2026-09-23 18:17:56.233: [INFO] OnDoneLoading sync enabled: 0
2026-09-23 18:17:56.233: [INFO] BookmarkModelLoaded, ids_reassigned: 0
2026-09-23 18:17:56.233: [INFO] BookmarksLoadDropped droppedNodes=0
2026-09-23 18:17:56.233: [INFO] BookmarksSnapshot Startup total=0 bar=0 other=0 mobile=0 showBar=0 showBarNTP=1
2026-09-23 18:18:31.586: [INFO] BookmarksSnapshot Shutdown total=0 bar=0 other=0 mobile=0 showBar=0 showBarNTP=1
2026-09-23 18:20:01.018: [INFO] CurrentProfilePath: C:\Users\Owner\source\repos\OakMusic\bin\Debug\net9.0-windows\OakMusic.exe.WebView2\EBWebView\Default
2026-09-23 18:20:01.018: [INFO] Profiles total count: 1
2026-09-23 18:20:01.018: [INFO] Profile: name=Profile 1 path=C:\Users\Owner\source\repos\OakMusic\bin\Debug\net9.0-windows\OakMusic.exe.WebView2\EBWebView\Default lastActive=2026-09-22T22:12:31.114Z
2026-09-23 18:20:01.018: [INFO] LastUsedProfileDir: C:\Users\Owner\source\repos\OakMusic\bin\Debug\net9.0-windows\OakMusic.exe.WebView2\EBWebView\Default
2026-09-23 18:20:01.018: [INFO] MostRecentlyActiveProfile: name=Profile 1 path=C:\Users\Owner\source\repos\OakMusic\bin\Debug\net9.0-windows\OakMusic.exe.WebView2\EBWebView\Default lastActive=2026-09-22T22:12:31.114Z
2026-09-23 18:20:01.018: [INFO] OnDoneLoading sync enabled: 0
2026-09-23 18:20:01.018: [INFO] BookmarkModelLoaded, ids_reassigned: 0
2026-09-23 18:20:01.018: [INFO] BookmarksLoadDropped droppedNodes=0
2026-09-23 18:20:01.018: [INFO] BookmarksSnapshot Startup total=0 bar=0 other=0 mobile=0 showBar=0 showBarNTP=1
2026-09-23 18:20:12.458: [INFO] BookmarksSnapshot Shutdown total=0 bar=0 other=0 mobile=0 showBar=0 showBarNTP=1
2026-09-23 18:24:57.805: [INFO] CurrentProfilePath: C:\Users\Owner\source\repos\OakMusic\bin\Debug\net9.0-windows\OakMusic.exe.WebView2\EBWebView\Default
2026-09-23 18:24:57.805: [INFO] Profiles total count: 1
2026-09-23 18:24:57.805: [INFO] Profile: name=Profile 1 path=C:\Users\Owner\source\repos\OakMusic\bin\Debug\net9.0-windows\OakMusic.exe.WebView2\EBWebView\Default lastActive=2026-09-22T22:12:31.114Z
2026-09-23 18:24:57.805: [INFO] LastUsedProfileDir: C:\Users\Owner\source\repos\OakMusic\bin\Debug\net9.0-windows\OakMusic.exe.WebView2\EBWebView\Default
2026-09-23 18:24:57.805: [INFO] MostRecentlyActiveProfile: name=Profile 1 path=C:\Users\Owner\source\repos\OakMusic\bin\Debug\net9.0-windows\OakMusic.exe.WebView2\EBWebView\Default lastActive=2026-09-22T22:12:31.114Z
2026-09-23 18:24:57.805: [INFO] OnDoneLoading sync enabled: 0
2026-09-23 18:24:57.805: [INFO] BookmarkModelLoaded, ids_reassigned: 0
2026-09-23 18:24:57.805: [INFO] BookmarksLoadDropped droppedNodes=0
2026-09-23 18:24:57.805: [INFO] BookmarksSnapshot Startup total=0 bar=0 other=0 mobile=0 showBar=0 showBarNTP=1
2026-09-23 18:25:08.248: [INFO] BookmarksSnapshot Shutdown total=0 bar=0 other=0 mobile=0 showBar=0 showBarNTP=1
2026-09-23 18:25:21.490: [INFO] CurrentProfilePath: C:\Users\Owner\source\repos\OakMusic\bin\Debug\net9.0-windows\OakMusic.exe.WebView2\EBWebView\Default
2026-09-23 18:25:21.490: [INFO] Profiles total count: 1
2026-09-23 18:25:21.490: [INFO] Profile: name=Profile 1 path=C:\Users\Owner\source\repos\OakMusic\bin\Debug\net9.0-windows\OakMusic.exe.WebView2\EBWebView\Default lastActive=2026-09-22T22:12:31.114Z
2026-09-23 18:25:21.490: [INFO] LastUsedProfileDir: C:\Users\Owner\source\repos\OakMusic\bin\Debug\net9.0-windows\OakMusic.exe.WebView2\EBWebView\Default
2026-09-23 18:25:21.490: [INFO] MostRecentlyActiveProfile: name=Profile 1 path=C:\Users\Owner\source\repos\OakMusic\bin\Debug\net9.0-windows\OakMusic.exe.WebView2\EBWebView\Default lastActive=2026-09-22T22:12:31.114Z
2026-09-23 18:25:21.490: [INFO] OnDoneLoading sync enabled: 0
2026-09-23 18:25:21.490: [INFO] BookmarkModelLoaded, ids_reassigned: 0
2026-09-23 18:25:21.490: [INFO] BookmarksLoadDropped droppedNodes=0
2026-09-23 18:25:21.490: [INFO] BookmarksSnapshot Startup total=0 bar=0 other=0 mobile=0 showBar=0 showBarNTP=1
2026-09-23 18:25:29.848: [INFO] BookmarksSnapshot Shutdown total=0 bar=0 other=0 mobile=0 showBar=0 showBarNTP=1
2026-09-23 18:26:28.644: [INFO] CurrentProfilePath: C:\Users\Owner\source\repos\OakMusic\bin\Debug\net9.0-windows\OakMusic.exe.WebView2\EBWebView\Default
2026-09-23 18:26:28.644: [INFO] Profiles total count: 1
2026-09-23 18:26:28.644: [INFO] Profile: name=Profile 1 path=C:\Users\Owner\source\repos\OakMusic\bin\Debug\net9.0-windows\OakMusic.exe.WebView2\EBWebView\Default lastActive=2026-09-22T22:12:31.114Z
2026-09-23 18:26:28.644: [INFO] LastUsedProfileDir: C:\Users\Owner\source\repos\OakMusic\bin\Debug\net9.0-windows\OakMusic.exe.WebView2\EBWebView\Default
2026-09-23 18:26:28.644: [INFO] MostRecentlyActiveProfile: name=Profile 1 path=C:\Users\Owner\source\repos\OakMusic\bin\Debug\net9.0-windows\OakMusic.exe.WebView2\EBWebView\Default lastActive=2026-09-22T22:12:31.114Z
2026-09-23 18:26:28.644: [INFO] OnDoneLoading sync enabled: 0
2026-09-23 18:26:28.644: [INFO] BookmarkModelLoaded, ids_reassigned: 0
2026-09-23 18:26:28.644: [INFO] BookmarksLoadDropped droppedNodes=0
2026-09-23 18:26:28.644: [INFO] BookmarksSnapshot Startup total=0 bar=0 other=0 mobile=0 showBar=0 showBarNTP=1
2026-09-23 18:26:51.447: [INFO] BookmarksSnapshot Shutdown total=0 bar=0 other=0 mobile=0 showBar=0 showBarNTP=1
2026-09-23 18:27:09.349: [INFO] CurrentProfilePath: C:\Users\Owner\source\repos\OakMusic\bin\Debug\net9.0-windows\OakMusic.exe.WebView2\EBWebView\Default
2026-09-23 18:27:09.349: [INFO] Profiles total count: 1
2026-09-23 18:27:09.349: [INFO] Profile: name=Profile 1 path=C:\Users\Owner\source\repos\OakMusic\bin\Debug\net9.0-windows\OakMusic.exe.WebView2\EBWebView\Default lastActive=2026-09-22T22:12:31.114Z
2026-09-23 18:27:09.349: [INFO] LastUsedProfileDir: C:\Users\Owner\source\repos\OakMusic\bin\Debug\net9.0-windows\OakMusic.exe.WebView2\EBWebView\Default
2026-09-23 18:27:09.349: [INFO] MostRecentlyActiveProfile: name=Profile 1 path=C:\Users\Owner\source\repos\OakMusic\bin\Debug\net9.0-windows\OakMusic.exe.WebView2\EBWebView\Default lastActive=2026-09-22T22:12:31.114Z
2026-09-23 18:27:09.349: [INFO] OnDoneLoading sync enabled: 0
2026-09-23 18:27:09.349: [INFO] BookmarkModelLoaded, ids_reassigned: 0
2026-09-23 18:27:09.349: [INFO] BookmarksLoadDropped droppedNodes=0
2026-09-23 18:27:09.349: [INFO] BookmarksSnapshot Startup total=0 bar=0 other=0 mobile=0 showBar=0 showBarNTP=1
2026-09-23 18:32:30.800: [INFO] BookmarksSnapshot Shutdown total=0 bar=0 other=0 mobile=0 showBar=0 showBarNTP=1
2026-09-23 19:05:26.310: [INFO] CurrentProfilePath: C:\Users\Owner\source\repos\OakMusic\bin\Debug\net9.0-windows\OakMusic.exe.WebView2\EBWebView\Default
2026-09-23 19:05:26.310: [INFO] Profiles total count: 1
2026-09-23 19:05:26.310: [INFO] Profile: name=Profile 1 path=C:\Users\Owner\source\repos\OakMusic\bin\Debug\net9.0-windows\OakMusic.exe.WebView2\EBWebView\Default lastActive=2026-09-22T22:12:31.114Z
2026-09-23 19:05:26.310: [INFO] LastUsedProfileDir: C:\Users\Owner\source\repos\OakMusic\bin\Debug\net9.0-windows\OakMusic.exe.WebView2\EBWebView\Default
2026-09-23 19:05:26.310: [INFO] MostRecentlyActiveProfile: name=Profile 1 path=C:\Users\Owner\source\repos\OakMusic\bin\Debug\net9.0-windows\OakMusic.exe.WebView2\EBWebView\Default lastActive=2026-09-22T22:12:31.114Z
2026-09-23 19:05:26.310: [INFO] OnDoneLoading sync enabled: 0
2026-09-23 19:05:26.310: [INFO] BookmarkModelLoaded, ids_reassigned: 0
2026-09-23 19:05:26.310: [INFO] BookmarksLoadDropped droppedNodes=0
2026-09-23 19:05:26.310: [INFO] BookmarksSnapshot Startup total=0 bar=0 other=0 mobile=0 showBar=0 showBarNTP=1
2026-09-23 19:05:58.376: [INFO] BookmarksSnapshot Shutdown total=0 bar=0 other=0 mobile=0 showBar=0 showBarNTP=1
2026-09-23 19:06:02.142: [INFO] CurrentProfilePath: C:\Users\Owner\source\repos\OakMusic\bin\Debug\net9.0-windows\OakMusic.exe.WebView2\EBWebView\Default
2026-09-23 19:06:02.142: [INFO] Profiles total count: 1
2026-09-23 19:06:02.142: [INFO] Profile: name=Profile 1 path=C:\Users\Owner\source\repos\OakMusic\bin\Debug\net9.0-windows\OakMusic.exe.WebView2\EBWebView\Default lastActive=2026-09-22T22:12:31.114Z
2026-09-23 19:06:02.142: [INFO] LastUsedProfileDir: C:\Users\Owner\source\repos\OakMusic\bin\Debug\net9.0-windows\OakMusic.exe.WebView2\EBWebView\Default
2026-09-23 19:06:02.142: [INFO] MostRecentlyActiveProfile: name=Profile 1 path=C:\Users\Owner\source\repos\OakMusic\bin\Debug\net9.0-windows\OakMusic.exe.WebView2\EBWebView\Default lastActive=2026-09-22T22:12:31.114Z
2026-09-23 19:06:02.142: [INFO] OnDoneLoading sync enabled: 0
2026-09-23 19:06:02.142: [INFO] BookmarkModelLoaded, ids_reassigned: 0
2026-09-23 19:06:02.142: [INFO] BookmarksLoadDropped droppedNodes=0
2026-09-23 19:06:02.142: [INFO] BookmarksSnapshot Startup total=0 bar=0 other=0 mobile=0 showBar=0 showBarNTP=1
2026-09-23 19:11:31.381: [INFO] BookmarksSnapshot Shutdown total=0 bar=0 other=0 mobile=0 showBar=0 showBarNTP=1
2026-09-23 19:13:29.592: [INFO] CurrentProfilePath: C:\Users\Owner\source\repos\OakMusic\bin\Debug\net9.0-windows\OakMusic.exe.WebView2\EBWebView\Default
2026-09-23 19:13:29.592: [INFO] Profiles total count: 1
2026-09-23 19:13:29.592: [INFO] Profile: name=Profile 1 path=C:\Users\Owner\source\repos\OakMusic\bin\Debug\net9.0-windows\OakMusic.exe.WebView2\EBWebView\Default lastActive=2026-09-22T22:12:31.114Z
2026-09-23 19:13:29.592: [INFO] LastUsedProfileDir: C:\Users\Owner\source\repos\OakMusic\bin\Debug\net9.0-windows\OakMusic.exe.WebView2\EBWebView\Default
2026-09-23 19:13:29.592: [INFO] MostRecentlyActiveProfile: name=Profile 1 path=C:\Users\Owner\source\repos\OakMusic\bin\Debug\net9.0-windows\OakMusic.exe.WebView2\EBWebView\Default lastActive=2026-09-22T22:12:31.114Z
2026-09-23 19:13:29.592: [INFO] OnDoneLoading sync enabled: 0
2026-09-23 19:13:29.592: [INFO] BookmarkModelLoaded, ids_reassigned: 0
2026-09-23 19:13:29.592: [INFO] BookmarksLoadDropped droppedNodes=0
2026-09-23 19:13:29.592: [INFO] BookmarksSnapshot Startup total=0 bar=0 other=0 mobile=0 showBar=0 showBarNTP=1
2026-09-23 19:20:45.735: [INFO] BookmarksSnapshot Shutdown total=0 bar=0 other=0 mobile=0 showBar=0 showBarNTP=1
2026-09-23 19:22:38.664: [INFO] CurrentProfilePath: C:\Users\Owner\source\repos\OakMusic\bin\Debug\net9.0-windows\OakMusic.exe.WebView2\EBWebView\Default
2026-09-23 19:22:38.664: [INFO] Profiles total count: 1
2026-09-23 19:22:38.664: [INFO] Profile: name=Profile 1 path=C:\Users\Owner\source\repos\OakMusic\bin\Debug\net9.0-windows\OakMusic.exe.WebView2\EBWebView\Default lastActive=2026-09-22T22:12:31.114Z
2026-09-23 19:22:38.664: [INFO] LastUsedProfileDir: C:\Users\Owner\source\repos\OakMusic\bin\Debug\net9.0-windows\OakMusic.exe.WebView2\EBWebView\Default
2026-09-23 19:22:38.664: [INFO] MostRecentlyActiveProfile: name=Profile 1 path=C:\Users\Owner\source\repos\OakMusic\bin\Debug\net9.0-windows\OakMusic.exe.WebView2\EBWebView\Default lastActive=2026-09-22T22:12:31.114Z
2026-09-23 19:22:38.664: [INFO] OnDoneLoading sync enabled: 0
2026-09-23 19:22:38.664: [INFO] BookmarkModelLoaded, ids_reassigned: 0
2026-09-23 19:22:38.664: [INFO] BookmarksLoadDropped droppedNodes=0
2026-09-23 19:22:38.664: [INFO] BookmarksSnapshot Startup total=0 bar=0 other=0 mobile=0 showBar=0 showBarNTP=1
2026-09-23 19:24:27.029: [INFO] BookmarksSnapshot Shutdown total=0 bar=0 other=0 mobile=0 showBar=0 showBarNTP=1
2026-09-23 19:24:32.502: [INFO] CurrentProfilePath: C:\Users\Owner\source\repos\OakMusic\bin\Debug\net9.0-windows\OakMusic.exe.WebView2\EBWebView\Default
2026-09-23 19:24:32.502: [INFO] Profiles total count: 1
2026-09-23 19:24:32.502: [INFO] Profile: name=Profile 1 path=C:\Users\Owner\source\repos\OakMusic\bin\Debug\net9.0-windows\OakMusic.exe.WebView2\EBWebView\Default lastActive=2026-09-22T22:12:31.114Z
2026-09-23 19:24:32.502: [INFO] LastUsedProfileDir: C:\Users\Owner\source\repos\OakMusic\bin\Debug\net9.0-windows\OakMusic.exe.WebView2\EBWebView\Default
2026-09-23 19:24:32.502: [INFO] MostRecentlyActiveProfile: name=Profile 1 path=C:\Users\Owner\source\repos\OakMusic\bin\Debug\net9.0-windows\OakMusic.exe.WebView2\EBWebView\Default lastActive=2026-09-22T22:12:31.114Z
2026-09-23 19:24:32.502: [INFO] OnDoneLoading sync enabled: 0
2026-09-23 19:24:32.502: [INFO] BookmarkModelLoaded, ids_reassigned: 0
2026-09-23 19:24:32.502: [INFO] BookmarksLoadDropped droppedNodes=0
2026-09-23 19:24:32.502: [INFO] BookmarksSnapshot Startup total=0 bar=0 other=0 mobile=0 showBar=0 showBarNTP=1
2026-09-23 19:25:01.643: [INFO] BookmarksSnapshot Shutdown total=0 bar=0 other=0 mobile=0 showBar=0 showBarNTP=1
2026-09-23 19:33:46.060: [INFO] CurrentProfilePath: C:\Users\Owner\source\repos\OakMusic\bin\Debug\net9.0-windows\OakMusic.exe.WebView2\EBWebView\Default
2026-09-23 19:33:46.060: [INFO] Profiles total count: 1
2026-09-23 19:33:46.060: [INFO] Profile: name=Profile 1 path=C:\Users\Owner\source\repos\OakMusic\bin\Debug\net9.0-windows\OakMusic.exe.WebView2\EBWebView\Default lastActive=2026-09-22T22:12:31.114Z
2026-09-23 19:33:46.060: [INFO] LastUsedProfileDir: C:\Users\Owner\source\repos\OakMusic\bin\Debug\net9.0-windows\OakMusic.exe.WebView2\EBWebView\Default
2026-09-23 19:33:46.060: [INFO] MostRecentlyActiveProfile: name=Profile 1 path=C:\Users\Owner\source\repos\OakMusic\bin\Debug\net9.0-windows\OakMusic.exe.WebView2\EBWebView\Default lastActive=2026-09-22T22:12:31.114Z
2026-09-23 19:33:46.060: [INFO] OnDoneLoading sync enabled: 0
2026-09-23 19:33:46.060: [INFO] BookmarkModelLoaded, ids_reassigned: 0
2026-09-23 19:33:46.060: [INFO] BookmarksLoadDropped droppedNodes=0
2026-09-23 19:33:46.060: [INFO] BookmarksSnapshot Startup total=0 bar=0 other=0 mobile=0 showBar=0 showBarNTP=1
2026-09-23 19:33:53.125: [INFO] BookmarksSnapshot Shutdown total=0 bar=0 other=0 mobile=0 showBar=0 showBarNTP=1
2026-09-23 19:33:57.468: [INFO] CurrentProfilePath: C:\Users\Owner\source\repos\OakMusic\bin\Debug\net9.0-windows\OakMusic.exe.WebView2\EBWebView\Default
2026-09-23 19:33:57.468: [INFO] Profiles total count: 1
2026-09-23 19:33:57.468: [INFO] Profile: name=Profile 1 path=C:\Users\Owner\source\repos\OakMusic\bin\Debug\net9.0-windows\OakMusic.exe.WebView2\EBWebView\Default lastActive=2026-09-22T22:12:31.114Z
2026-09-23 19:33:57.468: [INFO] LastUsedProfileDir: C:\Users\Owner\source\repos\OakMusic\bin\Debug\net9.0-windows\OakMusic.exe.WebView2\EBWebView\Default
2026-09-23 19:33:57.468: [INFO] MostRecentlyActiveProfile: name=Profile 1 path=C:\Users\Owner\source\repos\OakMusic\bin\Debug\net9.0-windows\OakMusic.exe.WebView2\EBWebView\Default lastActive=2026-09-22T22:12:31.114Z
2026-09-23 19:33:57.468: [INFO] OnDoneLoading sync enabled: 0
2026-09-23 19:33:57.468: [INFO] BookmarkModelLoaded, ids_reassigned: 0
2026-09-23 19:33:57.468: [INFO] BookmarksLoadDropped droppedNodes=0
2026-09-23 19:33:57.468: [INFO] BookmarksSnapshot Startup total=0 bar=0 other=0 mobile=0 showBar=0 showBarNTP=1
2026-09-23 19:34:29.751: [INFO] BookmarksSnapshot Shutdown total=0 bar=0 other=0 mobile=0 showBar=0 showBarNTP=1
2026-09-23 19:34:50.180: [INFO] CurrentProfilePath: C:\Users\Owner\source\repos\OakMusic\bin\Debug\net9.0-windows\OakMusic.exe.WebView2\EBWebView\Default
2026-09-23 19:34:50.180: [INFO] Profiles total count: 1
2026-09-23 19:34:50.180: [INFO] Profile: name=Profile 1 path=C:\Users\Owner\source\repos\OakMusic\bin\Debug\net9.0-windows\OakMusic.exe.WebView2\EBWebView\Default lastActive=2026-09-22T22:12:31.114Z
2026-09-23 19:34:50.180: [INFO] LastUsedProfileDir: C:\Users\Owner\source\repos\OakMusic\bin\Debug\net9.0-windows\OakMusic.exe.WebView2\EBWebView\Default
2026-09-23 19:34:50.180: [INFO] MostRecentlyActiveProfile: name=Profile 1 path=C:\Users\Owner\source\repos\OakMusic\bin\Debug\net9.0-windows\OakMusic.exe.WebView2\EBWebView\Default lastActive=2026-09-22T22:12:31.114Z
2026-09-23 19:34:50.180: [INFO] OnDoneLoading sync enabled: 0
2026-09-23 19:34:50.180: [INFO] BookmarkModelLoaded, ids_reassigned: 0
2026-09-23 19:34:50.180: [INFO] BookmarksLoadDropped droppedNodes=0
2026-09-23 19:34:50.180: [INFO] BookmarksSnapshot Startup total=0 bar=0 other=0 mobile=0 showBar=0 showBarNTP=1
2026-09-23 19:45:55.100: [INFO] BookmarksSnapshot Shutdown total=0 bar=0 other=0 mobile=0 showBar=0 showBarNTP=1
2026-09-23 19:46:00.880: [INFO] CurrentProfilePath: C:\Users\Owner\source\repos\OakMusic\bin\Debug\net9.0-windows\OakMusic.exe.WebView2\EBWebView\Default
2026-09-23 19:46:00.880: [INFO] Profiles total count: 1
2026-09-23 19:46:00.880: [INFO] Profile: name=Profile 1 path=C:\Users\Owner\source\repos\OakMusic\bin\Debug\net9.0-windows\OakMusic.exe.WebView2\EBWebView\Default lastActive=2026-09-22T22:12:31.114Z
2026-09-23 19:46:00.880: [INFO] LastUsedProfileDir: C:\Users\Owner\source\repos\OakMusic\bin\Debug\net9.0-windows\OakMusic.exe.WebView2\EBWebView\Default
2026-09-23 19:46:00.880: [INFO] MostRecentlyActiveProfile: name=Profile 1 path=C:\Users\Owner\source\repos\OakMusic\bin\Debug\net9.0-windows\OakMusic.exe.WebView2\EBWebView\Default lastActive=2026-09-22T22:12:31.114Z
2026-09-23 19:46:00.880: [INFO] OnDoneLoading sync enabled: 0
2026-09-23 19:46:00.880: [INFO] BookmarkModelLoaded, ids_reassigned: 0
2026-09-23 19:46:00.880: [INFO] BookmarksLoadDropped droppedNodes=0
2026-09-23 19:46:00.880: [INFO] BookmarksSnapshot Startup total=0 bar=0 other=0 mobile=0 showBar=0 showBarNTP=1
2026-09-23 19:47:56.360: [INFO] BookmarksSnapshot Shutdown total=0 bar=0 other=0 mobile=0 showBar=0 showBarNTP=1
2026-09-23 19:50:36.412: [INFO] CurrentProfilePath: C:\Users\Owner\source\repos\OakMusic\bin\Debug\net9.0-windows\OakMusic.exe.WebView2\EBWebView\Default
2026-09-23 19:50:36.412: [INFO] Profiles total count: 1
2026-09-23 19:50:36.412: [INFO] Profile: name=Profile 1 path=C:\Users\Owner\source\repos\OakMusic\bin\Debug\net9.0-windows\OakMusic.exe.WebView2\EBWebView\Default lastActive=2026-09-22T22:12:31.114Z
2026-09-23 19:50:36.412: [INFO] LastUsedProfileDir: C:\Users\Owner\source\repos\OakMusic\bin\Debug\net9.0-windows\OakMusic.exe.WebView2\EBWebView\Default
2026-09-23 19:50:36.412: [INFO] MostRecentlyActiveProfile: name=Profile 1 path=C:\Users\Owner\source\repos\OakMusic\bin\Debug\net9.0-windows\OakMusic.exe.WebView2\EBWebView\Default lastActive=2026-09-22T22:12:31.114Z
2026-09-23 19:50:36.412: [INFO] OnDoneLoading sync enabled: 0
2026-09-23 19:50:36.412: [INFO] BookmarkModelLoaded, ids_reassigned: 0
2026-09-23 19:50:36.412: [INFO] BookmarksLoadDropped droppedNodes=0
2026-09-23 19:50:36.412: [INFO] BookmarksSnapshot Startup total=0 bar=0 other=0 mobile=0 showBar=0 showBarNTP=1
2026-09-23 19:50:47.807: [INFO] BookmarksSnapshot Shutdown total=0 bar=0 other=0 mobile=0 showBar=0 showBarNTP=1
2026-09-23 19:51:01.179: [INFO] CurrentProfilePath: C:\Users\Owner\source\repos\OakMusic\bin\Debug\net9.0-windows\OakMusic.exe.WebView2\EBWebView\Default
2026-09-23 19:51:01.179: [INFO] Profiles total count: 1
2026-09-23 19:51:01.179: [INFO] Profile: name=Profile 1 path=C:\Users\Owner\source\repos\OakMusic\bin\Debug\net9.0-windows\OakMusic.exe.WebView2\EBWebView\Default lastActive=2026-09-22T22:12:31.114Z
2026-09-23 19:51:01.179: [INFO] LastUsedProfileDir: C:\Users\Owner\source\repos\OakMusic\bin\Debug\net9.0-windows\OakMusic.exe.WebView2\EBWebView\Default
2026-09-23 19:51:01.179: [INFO] MostRecentlyActiveProfile: name=Profile 1 path=C:\Users\Owner\source\repos\OakMusic\bin\Debug\net9.0-windows\OakMusic.exe.WebView2\EBWebView\Default lastActive=2026-09-22T22:12:31.114Z
2026-09-23 19:51:01.179: [INFO] OnDoneLoading sync enabled: 0
2026-09-23 19:51:01.179: [INFO] BookmarkModelLoaded, ids_reassigned: 0
2026-09-23 19:51:01.179: [INFO] BookmarksLoadDropped droppedNodes=0
2026-09-23 19:51:01.179: [INFO] BookmarksSnapshot Startup total=0 bar=0 other=0 mobile=0 showBar=0 showBarNTP=1
2026-09-23 19:51:48.580: [INFO] BookmarksSnapshot Shutdown total=0 bar=0 other=0 mobile=0 showBar=0 showBarNTP=1
2026-09-23 19:51:54.467: [INFO] CurrentProfilePath: C:\Users\Owner\source\repos\OakMusic\bin\Debug\net9.0-windows\OakMusic.exe.WebView2\EBWebView\Default
2026-09-23 19:51:54.467: [INFO] Profiles total count: 1
2026-09-23 19:51:54.467: [INFO] Profile: name=Profile 1 path=C:\Users\Owner\source\repos\OakMusic\bin\Debug\net9.0-windows\OakMusic.exe.WebView2\EBWebView\Default lastActive=2026-09-22T22:12:31.114Z
2026-09-23 19:51:54.467: [INFO] LastUsedProfileDir: C:\Users\Owner\source\repos\OakMusic\bin\Debug\net9.0-windows\OakMusic.exe.WebView2\EBWebView\Default
2026-09-23 19:51:54.467: [INFO] MostRecentlyActiveProfile: name=Profile 1 path=C:\Users\Owner\source\repos\OakMusic\bin\Debug\net9.0-windows\OakMusic.exe.WebView2\EBWebView\Default lastActive=2026-09-22T22:12:31.114Z
2026-09-23 19:51:54.467: [INFO] OnDoneLoading sync enabled: 0
2026-09-23 19:51:54.467: [INFO] BookmarkModelLoaded, ids_reassigned: 0
2026-09-23 19:51:54.467: [INFO] BookmarksLoadDropped droppedNodes=0
2026-09-23 19:51:54.467: [INFO] BookmarksSnapshot Startup total=0 bar=0 other=0 mobile=0 showBar=0 showBarNTP=1
2026-09-23 19:52:09.017: [INFO] BookmarksSnapshot Shutdown total=0 bar=0 other=0 mobile=0 showBar=0 showBarNTP=1
2026-09-23 19:53:39.602: [INFO] CurrentProfilePath: C:\Users\Owner\source\repos\OakMusic\bin\Debug\net9.0-windows\OakMusic.exe.WebView2\EBWebView\Default
2026-09-23 19:53:39.602: [INFO] Profiles total count: 1
2026-09-23 19:53:39.603: [INFO] Profile: name=Profile 1 path=C:\Users\Owner\source\repos\OakMusic\bin\Debug\net9.0-windows\OakMusic.exe.WebView2\EBWebView\Default lastActive=2026-09-22T22:12:31.114Z
2026-09-23 19:53:39.603: [INFO] LastUsedProfileDir: C:\Users\Owner\source\repos\OakMusic\bin\Debug\net9.0-windows\OakMusic.exe.WebView2\EBWebView\Default
2026-09-23 19:53:39.603: [INFO] MostRecentlyActiveProfile: name=Profile 1 path=C:\Users\Owner\source\repos\OakMusic\bin\Debug\net9.0-windows\OakMusic.exe.WebView2\EBWebView\Default lastActive=2026-09-22T22:12:31.114Z
2026-09-23 19:53:39.603: [INFO] OnDoneLoading sync enabled: 0
2026-09-23 19:53:39.603: [INFO] BookmarkModelLoaded, ids_reassigned: 0
2026-09-23 19:53:39.603: [INFO] BookmarksLoadDropped droppedNodes=0
2026-09-23 19:53:39.603: [INFO] BookmarksSnapshot Startup total=0 bar=0 other=0 mobile=0 showBar=0 showBarNTP=1
2026-09-23 19:55:07.095: [INFO] BookmarksSnapshot Shutdown total=0 bar=0 other=0 mobile=0 showBar=0 showBarNTP=1
2026-09-23 19:55:11.140: [INFO] CurrentProfilePath: C:\Users\Owner\source\repos\OakMusic\bin\Debug\net9.0-windows\OakMusic.exe.WebView2\EBWebView\Default
2026-09-23 19:55:11.140: [INFO] Profiles total count: 1
2026-09-23 19:55:11.140: [INFO] Profile: name=Profile 1 path=C:\Users\Owner\source\repos\OakMusic\bin\Debug\net9.0-windows\OakMusic.exe.WebView2\EBWebView\Default lastActive=2026-09-22T22:12:31.114Z
2026-09-23 19:55:11.140: [INFO] LastUsedProfileDir: C:\Users\Owner\source\repos\OakMusic\bin\Debug\net9.0-windows\OakMusic.exe.WebView2\EBWebView\Default
2026-09-23 19:55:11.140: [INFO] MostRecentlyActiveProfile: name=Profile 1 path=C:\Users\Owner\source\repos\OakMusic\bin\Debug\net9.0-windows\OakMusic.exe.WebView2\EBWebView\Default lastActive=2026-09-22T22:12:31.114Z
2026-09-23 19:55:11.140: [INFO] OnDoneLoading sync enabled: 0
2026-09-23 19:55:11.140: [INFO] BookmarkModelLoaded, ids_reassigned: 0
2026-09-23 19:55:11.140: [INFO] BookmarksLoadDropped droppedNodes=0
2026-09-23 19:55:11.140: [INFO] BookmarksSnapshot Startup total=0 bar=0 other=0 mobile=0 showBar=0 showBarNTP=1
2026-09-23 19:55:24.698: [INFO] BookmarksSnapshot Shutdown total=0 bar=0 other=0 mobile=0 showBar=0 showBarNTP=1
2026-09-23 19:56:02.750: [INFO] CurrentProfilePath: C:\Users\Owner\source\repos\OakMusic\bin\Debug\net9.0-windows\OakMusic.exe.WebView2\EBWebView\Default
2026-09-23 19:56:02.750: [INFO] Profiles total count: 1
2026-09-23 19:56:02.750: [INFO] Profile: name=Profile 1 path=C:\Users\Owner\source\repos\OakMusic\bin\Debug\net9.0-windows\OakMusic.exe.WebView2\EBWebView\Default lastActive=2026-09-22T22:12:31.114Z
2026-09-23 19:56:02.750: [INFO] LastUsedProfileDir: C:\Users\Owner\source\repos\OakMusic\bin\Debug\net9.0-windows\OakMusic.exe.WebView2\EBWebView\Default
2026-09-23 19:56:02.750: [INFO] MostRecentlyActiveProfile: name=Profile 1 path=C:\Users\Owner\source\repos\OakMusic\bin\Debug\net9.0-windows\OakMusic.exe.WebView2\EBWebView\Default lastActive=2026-09-22T22:12:31.114Z
2026-09-23 19:56:02.750: [INFO] OnDoneLoading sync enabled: 0
2026-09-23 19:56:02.750: [INFO] BookmarkModelLoaded, ids_reassigned: 0
2026-09-23 19:56:02.750: [INFO] BookmarksLoadDropped droppedNodes=0
2026-09-23 19:56:02.750: [INFO] BookmarksSnapshot Startup total=0 bar=0 other=0 mobile=0 showBar=0 showBarNTP=1
2026-09-23 19:56:46.085: [INFO] BookmarksSnapshot Shutdown total=0 bar=0 other=0 mobile=0 showBar=0 showBarNTP=1
2026-09-23 19:57:49.331: [INFO] CurrentProfilePath: C:\Users\Owner\source\repos\OakMusic\bin\Debug\net9.0-windows\OakMusic.exe.WebView2\EBWebView\Default
2026-09-23 19:57:49.331: [INFO] Profiles total count: 1
2026-09-23 19:57:49.331: [INFO] Profile: name=Profile 1 path=C:\Users\Owner\source\repos\OakMusic\bin\Debug\net9.0-windows\OakMusic.exe.WebView2\EBWebView\Default lastActive=2026-09-22T22:12:31.114Z
2026-09-23 19:57:49.331: [INFO] LastUsedProfileDir: C:\Users\Owner\source\repos\OakMusic\bin\Debug\net9.0-windows\OakMusic.exe.WebView2\EBWebView\Default
2026-09-23 19:57:49.331: [INFO] MostRecentlyActiveProfile: name=Profile 1 path=C:\Users\Owner\source\repos\OakMusic\bin\Debug\net9.0-windows\OakMusic.exe.WebView2\EBWebView\Default lastActive=2026-09-22T22:12:31.114Z
2026-09-23 19:57:49.331: [INFO] OnDoneLoading sync enabled: 0
2026-09-23 19:57:49.331: [INFO] BookmarkModelLoaded, ids_reassigned: 0
2026-09-23 19:57:49.331: [INFO] BookmarksLoadDropped droppedNodes=0
2026-09-23 19:57:49.331: [INFO] BookmarksSnapshot Startup total=0 bar=0 other=0 mobile=0 showBar=0 showBarNTP=1
2026-09-23 19:58:20.882: [INFO] BookmarksSnapshot Shutdown total=0 bar=0 other=0 mobile=0 showBar=0 showBarNTP=1
2026-09-23 19:58:45.221: [INFO] CurrentProfilePath: C:\Users\Owner\source\repos\OakMusic\bin\Debug\net9.0-windows\OakMusic.exe.WebView2\EBWebView\Default
2026-09-23 19:58:45.221: [INFO] Profiles total count: 1
2026-09-23 19:58:45.221: [INFO] Profile: name=Profile 1 path=C:\Users\Owner\source\repos\OakMusic\bin\Debug\net9.0-windows\OakMusic.exe.WebView2\EBWebView\Default lastActive=2026-09-22T22:12:31.114Z
2026-09-23 19:58:45.221: [INFO] LastUsedProfileDir: C:\Users\Owner\source\repos\OakMusic\bin\Debug\net9.0-windows\OakMusic.exe.WebView2\EBWebView\Default
2026-09-23 19:58:45.221: [INFO] MostRecentlyActiveProfile: name=Profile 1 path=C:\Users\Owner\source\repos\OakMusic\bin\Debug\net9.0-windows\OakMusic.exe.WebView2\EBWebView\Default lastActive=2026-09-22T22:12:31.114Z
2026-09-23 19:58:45.221: [INFO] OnDoneLoading sync enabled: 0
2026-09-23 19:58:45.221: [INFO] BookmarkModelLoaded, ids_reassigned: 0
2026-09-23 19:58:45.221: [INFO] BookmarksLoadDropped droppedNodes=0
2026-09-23 19:58:45.221: [INFO] BookmarksSnapshot Startup total=0 bar=0 other=0 mobile=0 showBar=0 showBarNTP=1
2026-09-23 19:59:18.625: [INFO] BookmarksSnapshot Shutdown total=0 bar=0 other=0 mobile=0 showBar=0 showBarNTP=1
2026-09-23 19:59:22.114: [INFO] CurrentProfilePath: C:\Users\Owner\source\repos\OakMusic\bin\Debug\net9.0-windows\OakMusic.exe.WebView2\EBWebView\Default
2026-09-23 19:59:22.114: [INFO] Profiles total count: 1
2026-09-23 19:59:22.114: [INFO] Profile: name=Profile 1 path=C:\Users\Owner\source\repos\OakMusic\bin\Debug\net9.0-windows\OakMusic.exe.WebView2\EBWebView\Default lastActive=2026-09-22T22:12:31.114Z
2026-09-23 19:59:22.114: [INFO] LastUsedProfileDir: C:\Users\Owner\source\repos\OakMusic\bin\Debug\net9.0-windows\OakMusic.exe.WebView2\EBWebView\Default
2026-09-23 19:59:22.114: [INFO] MostRecentlyActiveProfile: name=Profile 1 path=C:\Users\Owner\source\repos\OakMusic\bin\Debug\net9.0-windows\OakMusic.exe.WebView2\EBWebView\Default lastActive=2026-09-22T22:12:31.114Z
2026-09-23 19:59:22.114: [INFO] OnDoneLoading sync enabled: 0
2026-09-23 19:59:22.115: [INFO] BookmarkModelLoaded, ids_reassigned: 0
2026-09-23 19:59:22.115: [INFO] BookmarksLoadDropped droppedNodes=0
2026-09-23 19:59:22.115: [INFO] BookmarksSnapshot Startup total=0 bar=0 other=0 mobile=0 showBar=0 showBarNTP=1
2026-09-23 20:00:01.148: [INFO] BookmarksSnapshot Shutdown total=0 bar=0 other=0 mobile=0 showBar=0 showBarNTP=1
2026-09-23 20:00:04.740: [INFO] CurrentProfilePath: C:\Users\Owner\source\repos\OakMusic\bin\Debug\net9.0-windows\OakMusic.exe.WebView2\EBWebView\Default
2026-09-23 20:00:04.740: [INFO] Profiles total count: 1
2026-09-23 20:00:04.740: [INFO] Profile: name=Profile 1 path=C:\Users\Owner\source\repos\OakMusic\bin\Debug\net9.0-windows\OakMusic.exe.WebView2\EBWebView\Default lastActive=2026-09-22T22:12:31.114Z
2026-09-23 20:00:04.740: [INFO] LastUsedProfileDir: C:\Users\Owner\source\repos\OakMusic\bin\Debug\net9.0-windows\OakMusic.exe.WebView2\EBWebView\Default
2026-09-23 20:00:04.740: [INFO] MostRecentlyActiveProfile: name=Profile 1 path=C:\Users\Owner\source\repos\OakMusic\bin\Debug\net9.0-windows\OakMusic.exe.WebView2\EBWebView\Default lastActive=2026-09-22T22:12:31.114Z
2026-09-23 20:00:04.740: [INFO] OnDoneLoading sync enabled: 0
2026-09-23 20:00:04.740: [INFO] BookmarkModelLoaded, ids_reassigned: 0
2026-09-23 20:00:04.740: [INFO] BookmarksLoadDropped droppedNodes=0
2026-09-23 20:00:04.740: [INFO] BookmarksSnapshot Startup total=0 bar=0 other=0 mobile=0 showBar=0 showBarNTP=1
2026-09-23 20:06:40.116: [INFO] BookmarksSnapshot Shutdown total=0 bar=0 other=0 mobile=0 showBar=0 showBarNTP=1
2026-09-23 20:06:44.583: [INFO] CurrentProfilePath: C:\Users\Owner\source\repos\OakMusic\bin\Debug\net9.0-windows\OakMusic.exe.WebView2\EBWebView\Default
2026-09-23 20:06:44.583: [INFO] Profiles total count: 1
2026-09-23 20:06:44.583: [INFO] Profile: name=Profile 1 path=C:\Users\Owner\source\repos\OakMusic\bin\Debug\net9.0-windows\OakMusic.exe.WebView2\EBWebView\Default lastActive=2026-09-22T22:12:31.114Z
2026-09-23 20:06:44.583: [INFO] LastUsedProfileDir: C:\Users\Owner\source\repos\OakMusic\bin\Debug\net9.0-windows\OakMusic.exe.WebView2\EBWebView\Default
2026-09-23 20:06:44.583: [INFO] MostRecentlyActiveProfile: name=Profile 1 path=C:\Users\Owner\source\repos\OakMusic\bin\Debug\net9.0-windows\OakMusic.exe.WebView2\EBWebView\Default lastActive=2026-09-22T22:12:31.114Z
2026-09-23 20:06:44.583: [INFO] OnDoneLoading sync enabled: 0
2026-09-23 20:06:44.584: [INFO] BookmarkModelLoaded, ids_reassigned: 0
2026-09-23 20:06:44.584: [INFO] BookmarksLoadDropped droppedNodes=0
2026-09-23 20:06:44.584: [INFO] BookmarksSnapshot Startup total=0 bar=0 other=0 mobile=0 showBar=0 showBarNTP=1
2026-09-23 20:28:20.343: [INFO] BookmarksSnapshot Shutdown total=0 bar=0 other=0 mobile=0 showBar=0 showBarNTP=1
2026-09-23 20:28:27.984: [INFO] CurrentProfilePath: C:\Users\Owner\source\repos\OakMusic\bin\Debug\net9.0-windows\OakMusic.exe.WebView2\EBWebView\Default
2026-09-23 20:28:27.984: [INFO] Profiles total count: 1
2026-09-23 20:28:27.984: [INFO] Profile: name=Profile 1 path=C:\Users\Owner\source\repos\OakMusic\bin\Debug\net9.0-windows\OakMusic.exe.WebView2\EBWebView\Default lastActive=2026-09-22T22:12:31.114Z
2026-09-23 20:28:27.984: [INFO] LastUsedProfileDir: C:\Users\Owner\source\repos\OakMusic\bin\Debug\net9.0-windows\OakMusic.exe.WebView2\EBWebView\Default
2026-09-23 20:28:27.984: [INFO] MostRecentlyActiveProfile: name=Profile 1 path=C:\Users\Owner\source\repos\OakMusic\bin\Debug\net9.0-windows\OakMusic.exe.WebView2\EBWebView\Default lastActive=2026-09-22T22:12:31.114Z
2026-09-23 20:28:27.984: [INFO] OnDoneLoading sync enabled: 0
2026-09-23 20:28:27.984: [INFO] BookmarkModelLoaded, ids_reassigned: 0
2026-09-23 20:28:27.984: [INFO] BookmarksLoadDropped droppedNodes=0
2026-09-23 20:28:27.984: [INFO] BookmarksSnapshot Startup total=0 bar=0 other=0 mobile=0 showBar=0 showBarNTP=1
2026-09-23 20:28:50.499: [INFO] BookmarksSnapshot Shutdown total=0 bar=0 other=0 mobile=0 showBar=0 showBarNTP=1
2026-09-23 20:28:54.221: [INFO] CurrentProfilePath: C:\Users\Owner\source\repos\OakMusic\bin\Debug\net9.0-windows\OakMusic.exe.WebView2\EBWebView\Default
2026-09-23 20:28:54.221: [INFO] Profiles total count: 1
2026-09-23 20:28:54.221: [INFO] Profile: name=Profile 1 path=C:\Users\Owner\source\repos\OakMusic\bin\Debug\net9.0-windows\OakMusic.exe.WebView2\EBWebView\Default lastActive=2026-09-22T22:12:31.114Z
2026-09-23 20:28:54.221: [INFO] LastUsedProfileDir: C:\Users\Owner\source\repos\OakMusic\bin\Debug\net9.0-windows\OakMusic.exe.WebView2\EBWebView\Default
2026-09-23 20:28:54.221: [INFO] MostRecentlyActiveProfile: name=Profile 1 path=C:\Users\Owner\source\repos\OakMusic\bin\Debug\net9.0-windows\OakMusic.exe.WebView2\EBWebView\Default lastActive=2026-09-22T22:12:31.114Z
2026-09-23 20:28:54.221: [INFO] OnDoneLoading sync enabled: 0
2026-09-23 20:28:54.221: [INFO] BookmarkModelLoaded, ids_reassigned: 0
2026-09-23 20:28:54.221: [INFO] BookmarksLoadDropped droppedNodes=0
2026-09-23 20:28:54.221: [INFO] BookmarksSnapshot Startup total=0 bar=0 other=0 mobile=0 showBar=0 showBarNTP=1
2026-09-23 20:34:13.420: [INFO] BookmarksSnapshot Shutdown total=0 bar=0 other=0 mobile=0 showBar=0 showBarNTP=1
2026-09-23 20:34:20.083: [INFO] CurrentProfilePath: C:\Users\Owner\source\repos\OakMusic\bin\Debug\net9.0-windows\OakMusic.exe.WebView2\EBWebView\Default
2026-09-23 20:34:20.083: [INFO] Profiles total count: 1
2026-09-23 20:34:20.083: [INFO] Profile: name=Profile 1 path=C:\Users\Owner\source\repos\OakMusic\bin\Debug\net9.0-windows\OakMusic.exe.WebView2\EBWebView\Default lastActive=2026-09-22T22:12:31.114Z
2026-09-23 20:34:20.083: [INFO] LastUsedProfileDir: C:\Users\Owner\source\repos\OakMusic\bin\Debug\net9.0-windows\OakMusic.exe.WebView2\EBWebView\Default
2026-09-23 20:34:20.083: [INFO] MostRecentlyActiveProfile: name=Profile 1 path=C:\Users\Owner\source\repos\OakMusic\bin\Debug\net9.0-windows\OakMusic.exe.WebView2\EBWebView\Default lastActive=2026-09-22T22:12:31.114Z
2026-09-23 20:34:20.083: [INFO] OnDoneLoading sync enabled: 0
2026-09-23 20:34:20.083: [INFO] BookmarkModelLoaded, ids_reassigned: 0
2026-09-23 20:34:20.083: [INFO] BookmarksLoadDropped droppedNodes=0
2026-09-23 20:34:20.083: [INFO] BookmarksSnapshot Startup total=0 bar=0 other=0 mobile=0 showBar=0 showBarNTP=1
2026-09-23 20:38:22.458: [INFO] BookmarksSnapshot Shutdown total=0 bar=0 other=0 mobile=0 showBar=0 showBarNTP=1
2026-09-23 20:38:29.003: [INFO] CurrentProfilePath: C:\Users\Owner\source\repos\OakMusic\bin\Debug\net9.0-windows\OakMusic.exe.WebView2\EBWebView\Default
2026-09-23 20:38:29.003: [INFO] Profiles total count: 1
2026-09-23 20:38:29.003: [INFO] Profile: name=Profile 1 path=C:\Users\Owner\source\repos\OakMusic\bin\Debug\net9.0-windows\OakMusic.exe.WebView2\EBWebView\Default lastActive=2026-09-22T22:12:31.114Z
2026-09-23 20:38:29.003: [INFO] LastUsedProfileDir: C:\Users\Owner\source\repos\OakMusic\bin\Debug\net9.0-windows\OakMusic.exe.WebView2\EBWebView\Default
2026-09-23 20:38:29.003: [INFO] MostRecentlyActiveProfile: name=Profile 1 path=C:\Users\Owner\source\repos\OakMusic\bin\Debug\net9.0-windows\OakMusic.exe.WebView2\EBWebView\Default lastActive=2026-09-22T22:12:31.114Z
2026-09-23 20:38:29.003: [INFO] OnDoneLoading sync enabled: 0
2026-09-23 20:38:29.003: [INFO] BookmarkModelLoaded, ids_reassigned: 0
2026-09-23 20:38:29.003: [INFO] BookmarksLoadDropped droppedNodes=0
2026-09-23 20:38:29.003: [INFO] BookmarksSnapshot Startup total=0 bar=0 other=0 mobile=0 showBar=0 showBarNTP=1
2026-09-23 20:42:27.176: [INFO] BookmarksSnapshot Shutdown total=0 bar=0 other=0 mobile=0 showBar=0 showBarNTP=1
2026-09-23 20:42:32.894: [INFO] CurrentProfilePath: C:\Users\Owner\source\repos\OakMusic\bin\Debug\net9.0-windows\OakMusic.exe.WebView2\EBWebView\Default
2026-09-23 20:42:32.894: [INFO] Profiles total count: 1
2026-09-23 20:42:32.894: [INFO] Profile: name=Profile 1 path=C:\Users\Owner\source\repos\OakMusic\bin\Debug\net9.0-windows\OakMusic.exe.WebView2\EBWebView\Default lastActive=2026-09-22T22:12:31.114Z
2026-09-23 20:42:32.894: [INFO] LastUsedProfileDir: C:\Users\Owner\source\repos\OakMusic\bin\Debug\net9.0-windows\OakMusic.exe.WebView2\EBWebView\Default
2026-09-23 20:42:32.894: [INFO] MostRecentlyActiveProfile: name=Profile 1 path=C:\Users\Owner\source\repos\OakMusic\bin\Debug\net9.0-windows\OakMusic.exe.WebView2\EBWebView\Default lastActive=2026-09-22T22:12:31.114Z
2026-09-23 20:42:32.894: [INFO] OnDoneLoading sync enabled: 0
2026-09-23 20:42:32.894: [INFO] BookmarkModelLoaded, ids_reassigned: 0
2026-09-23 20:42:32.894: [INFO] BookmarksLoadDropped droppedNodes=0
2026-09-23 20:42:32.894: [INFO] BookmarksSnapshot Startup total=0 bar=0 other=0 mobile=0 showBar=0 showBarNTP=1
2026-09-23 20:51:04.709: [INFO] BookmarksSnapshot Shutdown total=0 bar=0 other=0 mobile=0 showBar=0 showBarNTP=1
2026-09-23 20:51:08.771: [INFO] CurrentProfilePath: C:\Users\Owner\source\repos\OakMusic\bin\Debug\net9.0-windows\OakMusic.exe.WebView2\EBWebView\Default
2026-09-23 20:51:08.771: [INFO] Profiles total count: 1
2026-09-23 20:51:08.771: [INFO] Profile: name=Profile 1 path=C:\Users\Owner\source\repos\OakMusic\bin\Debug\net9.0-windows\OakMusic.exe.WebView2\EBWebView\Default lastActive=2026-09-22T22:12:31.114Z
2026-09-23 20:51:08.771: [INFO] LastUsedProfileDir: C:\Users\Owner\source\repos\OakMusic\bin\Debug\net9.0-windows\OakMusic.exe.WebView2\EBWebView\Default
2026-09-23 20:51:08.771: [INFO] MostRecentlyActiveProfile: name=Profile 1 path=C:\Users\Owner\source\repos\OakMusic\bin\Debug\net9.0-windows\OakMusic.exe.WebView2\EBWebView\Default lastActive=2026-09-22T22:12:31.114Z
2026-09-23 20:51:08.771: [INFO] OnDoneLoading sync enabled: 0
2026-09-23 20:51:08.771: [INFO] BookmarkModelLoaded, ids_reassigned: 0
2026-09-23 20:51:08.771: [INFO] BookmarksLoadDropped droppedNodes=0
2026-09-23 20:51:08.771: [INFO] BookmarksSnapshot Startup total=0 bar=0 other=0 mobile=0 showBar=0 showBarNTP=1
2026-09-23 21:00:54.808: [INFO] BookmarksSnapshot Shutdown total=0 bar=0 other=0 mobile=0 showBar=0 showBarNTP=1
2026-09-23 21:01:00.150: [INFO] CurrentProfilePath: C:\Users\Owner\source\repos\OakMusic\bin\Debug\net9.0-windows\OakMusic.exe.WebView2\EBWebView\Default
2026-09-23 21:01:00.150: [INFO] Profiles total count: 1
2026-09-23 21:01:00.150: [INFO] Profile: name=Profile 1 path=C:\Users\Owner\source\repos\OakMusic\bin\Debug\net9.0-windows\OakMusic.exe.WebView2\EBWebView\Default lastActive=2026-09-22T22:12:31.114Z
2026-09-23 21:01:00.150: [INFO] LastUsedProfileDir: C:\Users\Owner\source\repos\OakMusic\bin\Debug\net9.0-windows\OakMusic.exe.WebView2\EBWebView\Default
2026-09-23 21:01:00.150: [INFO] MostRecentlyActiveProfile: name=Profile 1 path=C:\Users\Owner\source\repos\OakMusic\bin\Debug\net9.0-windows\OakMusic.exe.WebView2\EBWebView\Default lastActive=2026-09-22T22:12:31.114Z
2026-09-23 21:01:00.150: [INFO] OnDoneLoading sync enabled: 0
2026-09-23 21:01:00.150: [INFO] BookmarkModelLoaded, ids_reassigned: 0
2026-09-23 21:01:00.150: [INFO] BookmarksLoadDropped droppedNodes=0
2026-09-23 21:01:00.150: [INFO] BookmarksSnapshot Startup total=0 bar=0 other=0 mobile=0 showBar=0 showBarNTP=1
2026-09-23 21:08:16.750: [INFO] BookmarksSnapshot Shutdown total=0 bar=0 other=0 mobile=0 showBar=0 showBarNTP=1
2026-09-23 21:08:22.216: [INFO] CurrentProfilePath: C:\Users\Owner\source\repos\OakMusic\bin\Debug\net9.0-windows\OakMusic.exe.WebView2\EBWebView\Default
2026-09-23 21:08:22.216: [INFO] Profiles total count: 1
2026-09-23 21:08:22.216: [INFO] Profile: name=Profile 1 path=C:\Users\Owner\source\repos\OakMusic\bin\Debug\net9.0-windows\OakMusic.exe.WebView2\EBWebView\Default lastActive=2026-09-22T22:12:31.114Z
2026-09-23 21:08:22.216: [INFO] LastUsedProfileDir: C:\Users\Owner\source\repos\OakMusic\bin\Debug\net9.0-windows\OakMusic.exe.WebView2\EBWebView\Default
2026-09-23 21:08:22.216: [INFO] MostRecentlyActiveProfile: name=Profile 1 path=C:\Users\Owner\source\repos\OakMusic\bin\Debug\net9.0-windows\OakMusic.exe.WebView2\EBWebView\Default lastActive=2026-09-22T22:12:31.114Z
2026-09-23 21:08:22.216: [INFO] OnDoneLoading sync enabled: 0
2026-09-23 21:08:22.216: [INFO] BookmarkModelLoaded, ids_reassigned: 0
2026-09-23 21:08:22.216: [INFO] BookmarksLoadDropped droppedNodes=0
2026-09-23 21:08:22.216: [INFO] BookmarksSnapshot Startup total=0 bar=0 other=0 mobile=0 showBar=0 showBarNTP=1
2026-09-23 21:08:58.552: [INFO] BookmarksSnapshot Shutdown total=0 bar=0 other=0 mobile=0 showBar=0 showBarNTP=1
